"Date","Price","Open","High","Low","Change %"
"03/04/2023","2.993","3.024","3.081","2.993","1.11%"
"01/04/2023","2.960","2.960","2.960","2.960","-2.82%"
"31/03/2023","3.046","3.051","3.057","3.040","-0.65%"
"30/03/2023","3.066","3.043","3.070","3.032","1.39%"
"29/03/2023","3.024","3.065","3.076","3.003","0.73%"
"28/03/2023","3.002","2.990","3.006","2.980","4.53%"
"27/03/2023","2.872","2.934","2.968","2.857","-1.48%"
"26/03/2023","2.915","2.946","2.968","2.905","-0.65%"
"25/03/2023","2.934","2.934","2.934","2.934","-0.78%"
"24/03/2023","2.957","2.964","3.009","2.944","-1.53%"
"23/03/2023","3.003","2.962","3.033","2.951","-1.25%"
"22/03/2023","3.041","3.049","3.082","3.011","5.01%"
"21/03/2023","2.896","2.947","2.966","2.854","-3.40%"
"20/03/2023","2.998","2.989","3.069","2.988","-1.41%"
"19/03/2023","3.041","2.989","3.069","2.989","-3.03%"
"17/03/2023","3.136","3.137","3.163","3.102","5.06%"
"16/03/2023","2.985","2.942","3.030","2.914","-5.78%"
"15/03/2023","3.168","3.158","3.201","3.136","2.19%"
"14/03/2023","3.100","3.017","3.102","3.005","-5.34%"
"13/03/2023","3.275","3.332","3.334","3.111","3.77%"
"12/03/2023","3.156","3.332","3.334","3.114","-2.77%"
"11/03/2023","3.246","3.246","3.246","3.246","-4.95%"
"10/03/2023","3.415","3.440","3.463","3.371","-1.64%"
"09/03/2023","3.472","3.466","3.489","3.454","-1.31%"
"08/03/2023","3.518","3.497","3.519","3.408","0.80%"
"07/03/2023","3.490","3.577","3.584","3.490","-2.32%"
"06/03/2023","3.573","3.642","3.649","3.561","-1.43%"
"05/03/2023","3.625","3.642","3.649","3.622","-0.47%"
"04/03/2023","3.642","3.642","3.642","3.642","-0.76%"
"03/03/2023","3.670","3.716","3.741","3.670","0.82%"
"02/03/2023","3.640","3.625","3.646","3.598","1.65%"
"01/03/2023","3.581","3.698","3.713","3.580","-1.62%"
"28/02/2023","3.640","3.695","3.704","3.636","-1.70%"
"27/02/2023","3.703","3.719","3.732","3.671","-0.13%"
"26/02/2023","3.708","3.719","3.732","3.671","-0.30%"
"25/02/2023","3.719","3.719","3.719","3.719","1.42%"
"24/02/2023","3.667","3.698","3.710","3.667","-0.14%"
"23/02/2023","3.672","3.646","3.699","3.643","1.24%"
"22/02/2023","3.627","3.703","3.748","3.607","-0.19%"
"21/02/2023","3.634","3.620","3.664","3.614","1.14%"
"20/02/2023","3.593","3.572","3.599","3.542","1.27%"
"19/02/2023","3.548","3.572","3.572","3.542","-0.70%"
"18/02/2023","3.573","3.578","3.578","3.573","-0.31%"
"17/02/2023","3.584","3.546","3.593","3.539","1.96%"
"16/02/2023","3.515","3.601","3.618","3.501","-0.99%"
"15/02/2023","3.550","3.604","3.631","3.544","0.40%"
"14/02/2023","3.536","3.562","3.563","3.536","-0.79%"
"13/02/2023","3.564","3.579","3.620","3.521","-0.86%"
"12/02/2023","3.595","3.579","3.610","3.521","0.53%"
"11/02/2023","3.576","3.576","3.576","3.576","2.23%"
"10/02/2023","3.498","3.450","3.525","3.442","2.16%"
"09/02/2023","3.424","3.358","3.428","3.340","1.30%"
"08/02/2023","3.380","3.364","3.389","3.359","1.78%"
"07/02/2023","3.321","3.239","3.322","3.227","3.68%"
"06/02/2023","3.203","3.220","3.231","3.201","-0.50%"
"05/02/2023","3.219","3.220","3.230","3.210","-0.06%"
"04/02/2023","3.221","3.221","3.221","3.221","4.07%"
"03/02/2023","3.095","3.142","3.145","3.092","-3.76%"
"02/02/2023","3.216","3.209","3.240","3.207","-2.22%"
"01/02/2023","3.289","3.270","3.289","3.242","1.42%"
"31/01/2023","3.243","3.329","3.329","3.239","-1.40%"
"30/01/2023","3.289","3.290","3.313","3.272","-0.06%"
"29/01/2023","3.291","3.296","3.313","3.287","0.09%"
"28/01/2023","3.288","3.292","3.292","3.288","-0.24%"
"27/01/2023","3.296","3.241","3.299","3.228","2.65%"
"26/01/2023","3.211","3.078","3.237","3.031","0.00%"
"25/01/2023","3.211","3.078","3.215","3.031","2.23%"
"24/01/2023","3.141","3.154","3.160","3.140","0.19%"
"23/01/2023","3.135","3.147","3.179","3.120","0.06%"
"22/01/2023","3.133","3.147","3.179","3.120","-0.48%"
"21/01/2023","3.148","3.147","3.148","3.147","1.42%"
"20/01/2023","3.104","3.109","3.110","3.083","1.47%"
"19/01/2023","3.059","3.176","3.204","3.047","-6.54%"
"18/01/2023","3.273","3.330","3.358","3.271","-1.33%"
"17/01/2023","3.317","3.316","3.336","3.295","-0.15%"
"16/01/2023","3.322","3.330","3.360","3.298","-0.75%"
"15/01/2023","3.347","3.327","3.360","3.298","0.36%"
"14/01/2023","3.335","3.335","3.335","3.335","1.49%"
"13/01/2023","3.286","3.268","3.297","3.259","-1.38%"
"12/01/2023","3.332","3.388","3.406","3.329","-3.92%"
"11/01/2023","3.468","3.487","3.511","3.456","0.09%"
"10/01/2023","3.465","3.443","3.468","3.423","-0.20%"
"09/01/2023","3.472","3.435","3.501","3.404","1.19%"
"08/01/2023","3.431","3.435","3.462","3.404","-0.03%"
"07/01/2023","3.432","3.431","3.432","3.431","-4.24%"
"06/01/2023","3.584","3.601","3.615","3.581","0.14%"
"05/01/2023","3.579","3.567","3.583","3.548","-0.08%"
"04/01/2023","3.582","3.634","3.644","3.579","-2.74%"
"03/01/2023","3.683","3.699","3.721","3.645","0.19%"
"02/01/2023","3.676","3.693","3.721","3.673","-0.46%"
"01/01/2023","3.693","3.693","3.693","3.693","0.00%"
"31/12/2022","3.693","3.692","3.693","3.692","0.08%"
"30/12/2022","3.690","3.709","3.720","3.688","-0.62%"
"29/12/2022","3.713","3.718","3.739","3.706","0.51%"
"28/12/2022","3.694","3.487","3.713","3.471","1.71%"
"27/12/2022","3.632","3.484","3.639","3.471","4.16%"
"26/12/2022","3.487","3.484","3.487","3.484","0.11%"
"25/12/2022","3.483","3.483","3.483","3.483","0.00%"
"24/12/2022","3.483","3.483","3.483","3.483","-0.80%"
"23/12/2022","3.511","3.456","3.513","3.456","2.24%"
"22/12/2022","3.434","3.392","3.446","3.378","1.45%"
"21/12/2022","3.385","3.392","3.409","3.357","-2.08%"
"20/12/2022","3.457","3.307","3.470","3.307","5.85%"
"19/12/2022","3.266","3.237","3.286","3.218","0.25%"
"18/12/2022","3.258","3.237","3.270","3.227","0.77%"
"17/12/2022","3.233","3.237","3.237","3.233","-0.68%"
"16/12/2022","3.255","3.268","3.290","3.237","-0.15%"
"15/12/2022","3.260","3.195","3.270","3.189","2.84%"
"14/12/2022","3.170","3.187","3.193","3.163","-1.43%"
"13/12/2022","3.216","3.185","3.225","3.174","1.68%"
"12/12/2022","3.163","3.116","3.190","3.116","0.41%"
"11/12/2022","3.150","3.121","3.190","3.116","-0.10%"
"10/12/2022","3.153","3.153","3.153","3.153","0.86%"
"09/12/2022","3.126","3.172","3.180","3.121","-0.48%"
"08/12/2022","3.141","3.115","3.151","3.106","-0.85%"
"07/12/2022","3.168","3.142","3.182","3.130","0.48%"
"06/12/2022","3.153","3.147","3.157","3.113","0.70%"
"05/12/2022","3.131","3.102","3.134","3.077","1.10%"
"04/12/2022","3.097","3.102","3.110","3.090","-0.03%"
"03/12/2022","3.098","3.098","3.098","3.098","-1.21%"
"02/12/2022","3.136","3.185","3.185","3.135","-2.94%"
"01/12/2022","3.231","3.228","3.247","3.184","-1.88%"
"30/11/2022","3.293","3.373","3.376","3.292","-1.50%"
"29/11/2022","3.343","3.339","3.353","3.326","0.24%"
"28/11/2022","3.335","3.398","3.414","3.316","-1.91%"
"27/11/2022","3.400","3.398","3.414","3.367","0.03%"
"26/11/2022","3.399","3.399","3.399","3.399","0.59%"
"25/11/2022","3.379","3.330","3.381","3.324","0.51%"
"24/11/2022","3.362","3.392","3.397","3.345","-1.20%"
"23/11/2022","3.403","3.349","3.404","3.334","1.37%"
"22/11/2022","3.357","3.383","3.392","3.355","0.36%"
"21/11/2022","3.345","3.386","3.427","3.345","-2.02%"
"20/11/2022","3.414","3.386","3.414","3.386","0.83%"
"19/11/2022","3.386","3.386","3.386","3.386","0.12%"
"18/11/2022","3.382","3.379","3.410","3.369","0.39%"
"17/11/2022","3.369","3.350","3.385","3.325","-1.00%"
"16/11/2022","3.403","3.417","3.431","3.389","-1.82%"
"15/11/2022","3.466","3.427","3.475","3.407","0.84%"
"14/11/2022","3.437","3.372","3.448","3.321","1.09%"
"13/11/2022","3.400","3.372","3.405","3.321","0.86%"
"12/11/2022","3.371","3.348","3.371","3.348","0.72%"
"11/11/2022","3.347","3.282","3.373","3.244","-3.15%"
"10/11/2022","3.456","3.539","3.540","3.456","-4.69%"
"09/11/2022","3.626","3.653","3.675","3.607","-2.21%"
"08/11/2022","3.708","3.631","3.710","3.631","4.04%"
"07/11/2022","3.564","3.555","3.575","3.527","0.76%"
"06/11/2022","3.537","3.555","3.555","3.534","-0.53%"
"05/11/2022","3.556","3.556","3.556","3.556","0.14%"
"04/11/2022","3.551","3.618","3.625","3.536","-2.23%"
"03/11/2022","3.632","3.593","3.643","3.593","4.67%"
"02/11/2022","3.470","3.459","3.477","3.436","-0.86%"
"01/11/2022","3.500","3.527","3.546","3.500","1.36%"
"31/10/2022","3.453","3.502","3.509","3.418","-0.66%"
"30/10/2022","3.476","3.502","3.509","3.443","-0.71%"
"29/10/2022","3.501","3.501","3.501","3.501","1.21%"
"28/10/2022","3.459","3.469","3.474","3.432","-3.41%"
"27/10/2022","3.581","3.608","3.629","3.553","-3.19%"
"26/10/2022","3.699","3.673","3.766","3.640","-2.66%"
"25/10/2022","3.800","3.816","3.838","3.788","-0.86%"
"24/10/2022","3.833","3.890","3.910","3.822","-0.31%"
"23/10/2022","3.845","3.890","3.906","3.839","-1.11%"
"22/10/2022","3.888","3.888","3.888","3.888","-0.82%"
"21/10/2022","3.920","3.869","3.920","3.853","3.00%"
"20/10/2022","3.806","3.764","3.844","3.741","3.93%"
"19/10/2022","3.662","3.643","3.669","3.638","0.08%"
"18/10/2022","3.659","3.663","3.704","3.649","-1.88%"
"17/10/2022","3.729","3.720","3.762","3.695","-0.27%"
"16/10/2022","3.739","3.709","3.755","3.695","0.32%"
"15/10/2022","3.727","3.709","3.727","3.709","0.65%"
"14/10/2022","3.703","3.719","3.765","3.690","0.90%"
"13/10/2022","3.670","3.644","3.678","3.600","0.36%"
"12/10/2022","3.657","3.701","3.713","3.657","-0.76%"
"11/10/2022","3.685","3.640","3.690","3.616","1.46%"
"10/10/2022","3.632","3.637","3.678","3.593","0.19%"
"09/10/2022","3.625","3.637","3.678","3.593","-0.30%"
"08/10/2022","3.636","3.636","3.636","3.636","1.48%"
"07/10/2022","3.583","3.581","3.601","3.576","1.33%"
"06/10/2022","3.536","3.512","3.553","3.501","4.37%"
"05/10/2022","3.388","3.392","3.439","3.372","-3.89%"
"04/10/2022","3.525","3.606","3.630","3.511","-4.65%"
"03/10/2022","3.697","3.695","3.719","3.665","-0.30%"
"02/10/2022","3.708","3.695","3.717","3.668","0.22%"
"01/10/2022","3.700","3.700","3.700","3.700","-1.67%"
"30/09/2022","3.763","3.762","3.772","3.744","1.48%"
"29/09/2022","3.708","3.687","3.756","3.684","-4.90%"
"28/09/2022","3.899","3.859","3.933","3.839","0.03%"
"27/09/2022","3.898","3.903","3.936","3.863","2.58%"
"26/09/2022","3.800","3.825","3.832","3.780","0.18%"
"24/09/2022","3.793","3.793","3.793","3.793","1.15%"
"23/09/2022","3.750","3.673","3.771","3.649","1.57%"
"22/09/2022","3.692","3.542","3.699","3.515","4.68%"
"21/09/2022","3.527","3.546","3.556","3.507","2.65%"
"20/09/2022","3.436","3.520","3.548","3.431","-1.86%"
"19/09/2022","3.501","3.510","3.551","3.499","-0.14%"
"17/09/2022","3.506","3.506","3.506","3.506","-1.54%"
"16/09/2022","3.561","3.478","3.567","3.473","3.46%"
"15/09/2022","3.442","3.407","3.449","3.407","-0.17%"
"14/09/2022","3.448","3.500","3.515","3.424","3.57%"
"13/09/2022","3.329","3.375","3.375","3.327","0.15%"
"12/09/2022","3.324","3.289","3.329","3.258","1.71%"
"10/09/2022","3.268","3.268","3.268","3.268","-0.79%"
"09/09/2022","3.294","3.343","3.353","3.288","0.24%"
"08/09/2022","3.286","3.365","3.384","3.225","-5.30%"
"07/09/2022","3.470","3.456","3.474","3.441","2.57%"
"06/09/2022","3.383","3.441","3.446","3.364","-0.35%"
"05/09/2022","3.395","3.390","3.412","3.354","0.24%"
"03/09/2022","3.387","3.387","3.387","3.387","-2.00%"
"02/09/2022","3.456","3.476","3.493","3.443","-0.09%"
"01/09/2022","3.459","3.419","3.488","3.412","1.92%"
"31/08/2022","3.394","3.402","3.417","3.381","-1.42%"
"30/08/2022","3.443","3.506","3.511","3.442","-2.71%"
"29/08/2022","3.539","3.375","3.546","3.346","4.77%"
"27/08/2022","3.378","3.378","3.378","3.378","0.36%"
"26/08/2022","3.366","3.406","3.414","3.366","-2.55%"
"25/08/2022","3.454","3.442","3.468","3.429","1.83%"
"24/08/2022","3.392","3.436","3.451","3.390","-1.02%"
"23/08/2022","3.427","3.400","3.436","3.379","2.64%"
"22/08/2022","3.339","3.278","3.360","3.278","1.95%"
"20/08/2022","3.275","3.275","3.275","3.275","2.02%"
"19/08/2022","3.210","3.153","3.217","3.143","1.58%"
"18/08/2022","3.160","3.192","3.213","3.140","1.71%"
"17/08/2022","3.107","3.110","3.124","3.072","1.21%"
"16/08/2022","3.070","3.121","3.128","3.063","-3.82%"
"15/08/2022","3.192","3.215","3.274","3.186","-0.75%"
"13/08/2022","3.216","3.216","3.216","3.216","-0.34%"
"12/08/2022","3.227","3.205","3.252","3.199","2.64%"
"11/08/2022","3.144","3.056","3.173","3.038","2.04%"
"10/08/2022","3.081","3.058","3.083","3.046","2.16%"
"09/08/2022","3.016","3.025","3.037","3.012","-1.41%"
"08/08/2022","3.059","3.070","3.090","3.035","-0.03%"
"07/08/2022","3.060","3.060","3.060","3.060","0.00%"
"06/08/2022","3.060","3.060","3.060","3.060","4.72%"
"05/08/2022","2.922","2.939","2.952","2.912","-0.81%"
"04/08/2022","2.946","2.897","2.951","2.893","1.97%"
"03/08/2022","2.889","2.963","2.965","2.858","2.67%"
"02/08/2022","2.814","2.866","2.892","2.811","-2.56%"
"01/08/2022","2.888","2.823","2.890","2.823","1.73%"
"31/07/2022","2.839","2.839","2.839","2.839","0.21%"
"30/07/2022","2.833","2.833","2.833","2.833","-0.04%"
"29/07/2022","2.834","2.840","2.878","2.811","-5.44%"
"28/07/2022","2.997","3.000","3.013","2.944","-3.14%"
"27/07/2022","3.094","3.177","3.214","3.074","-3.34%"
"26/07/2022","3.201","3.198","3.216","3.178","0.69%"
"25/07/2022","3.179","3.132","3.193","3.120","1.18%"
"23/07/2022","3.142","3.142","3.142","3.142","-4.32%"
"22/07/2022","3.284","3.276","3.310","3.255","-2.00%"
"21/07/2022","3.351","3.382","3.394","3.350","-0.62%"
"20/07/2022","3.372","3.376","3.407","3.349","1.72%"
"19/07/2022","3.315","3.282","3.336","3.270","3.05%"
"18/07/2022","3.217","3.244","3.265","3.207","-0.25%"
"17/07/2022","3.225","3.225","3.225","3.225","0.91%"
"15/07/2022","3.196","3.242","3.259","3.189","-1.48%"
"14/07/2022","3.244","3.190","3.283","3.165","3.48%"
"13/07/2022","3.135","3.138","3.154","3.121","0.06%"
"12/07/2022","3.133","3.207","3.234","3.127","-4.13%"
"11/07/2022","3.268","3.221","3.289","3.221","0.52%"
"09/07/2022","3.251","3.251","3.251","3.251","0.62%"
"08/07/2022","3.231","3.254","3.268","3.227","0.62%"
"07/07/2022","3.211","3.213","3.235","3.166","1.81%"
"06/07/2022","3.154","3.171","3.192","3.145","-5.20%"
"05/07/2022","3.327","3.265","3.355","3.248","3.74%"
"04/07/2022","3.207","3.153","3.209","3.150","1.71%"
"02/07/2022","3.153","3.153","3.153","3.153","-2.75%"
"01/07/2022","3.242","3.303","3.335","3.232","-6.19%"
"30/06/2022","3.456","3.447","3.466","3.382","-2.76%"
"29/06/2022","3.554","3.568","3.584","3.541","0.82%"
"28/06/2022","3.525","3.619","3.620","3.500","0.43%"
"27/06/2022","3.510","3.484","3.518","3.474","1.68%"
"24/06/2022","3.452","3.612","3.644","3.410","-5.14%"
"23/06/2022","3.639","3.612","3.644","3.597","-3.24%"
"22/06/2022","3.761","3.828","3.851","3.737","-2.49%"
"21/06/2022","3.857","3.883","3.933","3.849","0.23%"
"20/06/2022","3.848","3.889","3.907","3.817","-0.59%"
"18/06/2022","3.871","3.871","3.871","3.871","-0.23%"
"17/06/2022","3.880","3.822","3.893","3.822","0.34%"
"16/06/2022","3.867","3.800","3.946","3.771","-0.62%"
"15/06/2022","3.891","3.839","3.903","3.809","3.48%"
"14/06/2022","3.760","3.691","3.784","3.691","0.64%"
"13/06/2022","3.736","3.533","3.750","3.532","8.92%"
"10/06/2022","3.430","3.385","3.432","3.370","1.66%"
"09/06/2022","3.374","3.370","3.386","3.341","0.72%"
"08/06/2022","3.350","3.345","3.354","3.323","0.42%"
"07/06/2022","3.336","3.299","3.343","3.293","1.46%"
"06/06/2022","3.288","3.274","3.313","3.235","0.43%"
"04/06/2022","3.274","3.274","3.274","3.274","-0.49%"
"03/06/2022","3.290","3.294","3.330","3.289","0.52%"
"02/06/2022","3.273","3.263","3.293","3.250","2.25%"
"01/06/2022","3.201","3.144","3.218","3.129","1.78%"
"31/05/2022","3.145","3.074","3.151","3.069","3.69%"
"30/05/2022","3.033","3.056","3.064","3.016","-0.66%"
"28/05/2022","3.053","3.039","3.053","3.039","-0.20%"
"27/05/2022","3.059","3.030","3.064","3.020","0.92%"
"26/05/2022","3.031","2.970","3.042","2.967","0.17%"
"25/05/2022","3.026","3.003","3.036","2.971","-2.54%"
"24/05/2022","3.105","3.117","3.125","3.093","0.91%"
"23/05/2022","3.077","3.026","3.080","2.988","1.75%"
"21/05/2022","3.024","3.024","3.024","3.024","-1.56%"
"20/05/2022","3.072","3.072","3.084","3.050","-2.94%"
"19/05/2022","3.165","3.097","3.172","3.093","-0.19%"
"18/05/2022","3.171","3.230","3.243","3.170","-0.19%"
"17/05/2022","3.177","3.108","3.180","3.100","2.02%"
"16/05/2022","3.114","3.108","3.138","3.084","-0.35%"
"14/05/2022","3.125","3.124","3.125","3.124","0.81%"
"13/05/2022","3.100","3.087","3.131","3.067","-3.19%"
"12/05/2022","3.202","3.249","3.254","3.173","-1.02%"
"11/05/2022","3.235","3.245","3.251","3.220","-1.04%"
"10/05/2022","3.269","3.239","3.280","3.208","-1.60%"
"09/05/2022","3.322","3.351","3.365","3.300","-0.69%"
"07/05/2022","3.345","3.345","3.345","3.345","3.11%"
"06/05/2022","3.244","3.232","3.284","3.223","2.69%"
"05/05/2022","3.159","3.163","3.192","3.125","-4.10%"
"04/05/2022","3.294","3.213","3.312","3.213","6.53%"
"03/05/2022","3.092","3.064","3.092","3.029","2.08%"
"02/05/2022","3.029","3.038","3.048","2.985","0.17%"
"30/04/2022","3.024","3.024","3.024","3.024","2.65%"
"29/04/2022","2.946","2.930","2.959","2.921","1.62%"
"28/04/2022","2.899","2.908","2.930","2.866","-1.53%"
"27/04/2022","2.944","2.822","2.952","2.816","1.59%"
"26/04/2022","2.898","2.843","2.901","2.820","1.93%"
"25/04/2022","2.843","2.942","2.942","2.795","-2.77%"
"23/04/2022","2.924","2.924","2.924","2.924","-0.68%"
"22/04/2022","2.944","2.906","2.981","2.881","4.47%"
"21/04/2022","2.818","2.803","2.818","2.769","0.32%"
"20/04/2022","2.809","2.797","2.824","2.789","3.27%"
"19/04/2022","2.720","2.728","2.737","2.693","0.85%"
"18/04/2022","2.697","2.697","2.697","2.697","0.30%"
"15/04/2022","2.689","2.689","2.689","2.689","1.63%"
"14/04/2022","2.646","2.674","2.714","2.626","-3.43%"
"13/04/2022","2.740","2.732","2.797","2.703","-1.65%"
"12/04/2022","2.786","2.759","2.800","2.735","0.58%"
"11/04/2022","2.770","2.790","2.815","2.727","-0.57%"
"09/04/2022","2.786","2.786","2.786","2.786","0.11%"
"08/04/2022","2.783","2.786","2.803","2.766","0.69%"
"07/04/2022","2.764","2.771","2.795","2.712","-2.47%"
"06/04/2022","2.834","2.790","2.844","2.773","8.58%"
"05/04/2022","2.610","2.591","2.612","2.569","-0.80%"
"04/04/2022","2.631","2.702","2.710","2.630","-1.94%"
"02/04/2022","2.683","2.683","2.683","2.683","1.51%"
"01/04/2022","2.643","2.638","2.713","2.609","3.04%"
"31/03/2022","2.565","2.627","2.650","2.557","-1.16%"
"30/03/2022","2.595","2.679","2.714","2.590","-4.46%"
"29/03/2022","2.716","2.654","2.722","2.623","3.35%"
"28/03/2022","2.628","2.619","2.670","2.579","0.19%"
"27/03/2022","2.623","2.619","2.670","2.608","0.27%"
"26/03/2022","2.616","2.615","2.616","2.615","4.68%"
"25/03/2022","2.499","2.514","2.528","2.487","2.25%"
"24/03/2022","2.444","2.448","2.464","2.411","-2.78%"
"23/03/2022","2.514","2.523","2.535","2.497","4.10%"
"22/03/2022","2.415","2.383","2.421","2.376","7.67%"
"21/03/2022","2.243","2.237","2.276","2.227","0.22%"
"20/03/2022","2.238","2.249","2.276","2.237","-0.49%"
"19/03/2022","2.249","2.255","2.261","2.238","-0.13%"
"18/03/2022","2.252","2.236","2.262","2.219","2.09%"
"17/03/2022","2.206","2.204","2.233","2.180","3.13%"
"16/03/2022","2.139","2.172","2.182","2.132","-3.56%"
"15/03/2022","2.218","2.208","2.220","2.194","2.78%"
"14/03/2022","2.158","2.083","2.160","2.083","2.18%"
"13/03/2022","2.112","2.083","2.125","2.083","0.09%"
"12/03/2022","2.110","2.110","2.110","2.110","-0.14%"
"11/03/2022","2.113","2.131","2.152","2.111","3.02%"
"10/03/2022","2.051","2.057","2.083","2.006","2.60%"
"09/03/2022","1.999","2.050","2.053","1.988","2.41%"
"08/03/2022","1.952","1.932","1.958","1.908","5.68%"
"07/03/2022","1.847","1.859","1.873","1.827","0.33%"
"06/03/2022","1.841","1.844","1.871","1.833","-0.16%"
"05/03/2022","1.844","1.844","1.844","1.844","-0.32%"
"04/03/2022","1.850","1.897","1.911","1.816","-0.22%"
"03/03/2022","1.854","1.886","1.902","1.840","2.66%"
"02/03/2022","1.806","1.763","1.819","1.754","-2.54%"
"01/03/2022","1.853","1.831","1.883","1.813","-1.85%"
"28/02/2022","1.888","1.996","1.996","1.858","0.16%"
"27/02/2022","1.885","1.989","1.996","1.879","-4.99%"
"26/02/2022","1.984","1.984","1.984","1.984","0.76%"
"25/02/2022","1.969","1.968","1.990","1.945","3.52%"
"24/02/2022","1.902","2.031","2.038","1.901","-4.08%"
"23/02/2022","1.983","1.981","2.029","1.959","3.77%"
"22/02/2022","1.911","1.887","1.923","1.862","-1.24%"
"21/02/2022","1.935","1.919","1.936","1.910","1.95%"
"19/02/2022","1.898","1.922","1.922","1.898","-1.91%"
"18/02/2022","1.935","1.910","1.936","1.877","-0.36%"
"17/02/2022","1.942","1.939","1.961","1.928","-1.12%"
"16/02/2022","1.964","1.973","1.987","1.962","2.34%"
"15/02/2022","1.919","1.910","1.937","1.910","2.40%"
"14/02/2022","1.874","1.843","1.883","1.823","1.68%"
"12/02/2022","1.843","1.843","1.843","1.843","-4.01%"
"11/02/2022","1.920","1.959","1.963","1.893","6.84%"
"10/02/2022","1.797","1.814","1.823","1.797","-0.94%"
"09/02/2022","1.814","1.832","1.861","1.804","0.61%"
"08/02/2022","1.803","1.736","1.811","1.714","5.19%"
"07/02/2022","1.714","1.744","1.771","1.711","-2.11%"
"06/02/2022","1.751","1.744","1.771","1.742","0.46%"
"05/02/2022","1.743","1.743","1.743","1.743","5.13%"
"04/02/2022","1.658","1.628","1.662","1.628","5.07%"
"03/02/2022","1.578","1.612","1.612","1.577","-2.95%"
"02/02/2022","1.626","1.642","1.648","1.613","4.43%"
"01/02/2022","1.557","1.630","1.643","1.557","-5.00%"
"31/01/2022","1.639","1.656","1.684","1.619","-0.06%"
"30/01/2022","1.640","1.656","1.684","1.639","-0.91%"
"29/01/2022","1.655","1.655","1.655","1.655","-1.95%"
"28/01/2022","1.688","1.735","1.746","1.684","-4.09%"
"27/01/2022","1.760","1.747","1.777","1.746","4.02%"
"26/01/2022","1.692","1.622","1.704","1.622","0.30%"
"25/01/2022","1.687","1.622","1.692","1.622","4.07%"
"24/01/2022","1.621","1.608","1.629","1.584","0.75%"
"23/01/2022","1.609","1.608","1.616","1.584","1.00%"
"22/01/2022","1.593","1.592","1.593","1.592","0.44%"
"21/01/2022","1.586","1.665","1.665","1.586","-5.43%"
"20/01/2022","1.677","1.629","1.677","1.602","1.27%"
"19/01/2022","1.656","1.629","1.665","1.621","2.67%"
"18/01/2022","1.613","1.586","1.620","1.574","2.09%"
"17/01/2022","1.580","1.551","1.592","1.542","0.96%"
"16/01/2022","1.565","1.546","1.576","1.542","1.49%"
"15/01/2022","1.542","1.542","1.542","1.542","4.12%"
"14/01/2022","1.481","1.451","1.502","1.448","1.30%"
"13/01/2022","1.462","1.448","1.472","1.448","0.69%"
"12/01/2022","1.452","1.468","1.469","1.448","-0.75%"
"11/01/2022","1.463","1.474","1.475","1.455","-1.55%"
"10/01/2022","1.486","1.464","1.492","1.452","1.43%"
"09/01/2022","1.465","1.464","1.475","1.452","0.07%"
"08/01/2022","1.464","1.464","1.464","1.464","-0.34%"
"07/01/2022","1.469","1.481","1.496","1.464","-0.20%"
"06/01/2022","1.472","1.463","1.474","1.447","4.47%"
"05/01/2022","1.409","1.394","1.411","1.379","0.43%"
"04/01/2022","1.403","1.333","1.443","1.333","-1.13%"
"03/01/2022","1.419","1.339","1.419","1.333","5.97%"
"02/01/2022","1.339","1.339","1.339","1.339","0.00%"
"01/01/2022","1.339","1.339","1.339","1.339","0.00%"
"31/12/2021","1.339","1.326","1.339","1.293","3.32%"
"30/12/2021","1.296","1.285","1.302","1.276","3.35%"
"29/12/2021","1.254","1.263","1.269","1.244","-3.39%"
"27/12/2021","1.298","1.298","1.298","1.298","0.00%"
"24/12/2021","1.298","1.306","1.320","1.293","-1.07%"
"23/12/2021","1.312","1.321","1.329","1.310","0.77%"
"22/12/2021","1.302","1.361","1.373","1.302","-3.77%"
"21/12/2021","1.353","1.350","1.361","1.335","-0.15%"
"20/12/2021","1.355","1.376","1.420","1.328","-0.51%"
"19/12/2021","1.362","1.376","1.420","1.355","-0.80%"
"18/12/2021","1.373","1.373","1.373","1.373","-0.94%"
"17/12/2021","1.386","1.348","1.386","1.332","-0.65%"
"16/12/2021","1.395","1.350","1.409","1.332","4.73%"
"15/12/2021","1.332","1.292","1.337","1.266","6.22%"
"14/12/2021","1.254","1.269","1.276","1.251","-4.64%"
"13/12/2021","1.315","1.336","1.357","1.310","0.31%"
"12/12/2021","1.311","1.336","1.357","1.310","-1.58%"
"11/12/2021","1.332","1.341","1.341","1.332","-0.67%"
"10/12/2021","1.341","1.338","1.353","1.326","-2.33%"
"09/12/2021","1.373","1.368","1.388","1.346","-0.65%"
"08/12/2021","1.382","1.420","1.436","1.379","6.80%"
"07/12/2021","1.294","1.282","1.302","1.278","2.21%"
"06/12/2021","1.266","1.254","1.284","1.235","-0.24%"
"05/12/2021","1.269","1.254","1.276","1.235","1.44%"
"04/12/2021","1.251","1.251","1.251","1.251","-3.92%"
"03/12/2021","1.302","1.355","1.371","1.295","-2.03%"
"02/12/2021","1.329","1.325","1.334","1.294","-1.63%"
"01/12/2021","1.351","1.308","1.377","1.292","0.67%"
"30/11/2021","1.342","1.360","1.367","1.309","-1.11%"
"29/11/2021","1.357","1.277","1.367","1.237","5.52%"
"28/11/2021","1.286","1.277","1.293","1.237","0.94%"
"27/11/2021","1.274","1.274","1.274","1.274","-8.01%"
"26/11/2021","1.385","1.488","1.491","1.383","-5.07%"
"25/11/2021","1.459","1.437","1.470","1.434","1.11%"
"24/11/2021","1.443","1.459","1.487","1.433","-0.21%"
"23/11/2021","1.446","1.457","1.480","1.441","5.39%"
"22/11/2021","1.372","1.382","1.410","1.358","-0.15%"
"21/11/2021","1.374","1.382","1.410","1.358","-0.58%"
"20/11/2021","1.382","1.382","1.382","1.382","-1.14%"
"19/11/2021","1.398","1.389","1.403","1.386","1.82%"
"18/11/2021","1.373","1.403","1.403","1.368","-3.11%"
"17/11/2021","1.417","1.474","1.478","1.393","-1.39%"
"16/11/2021","1.437","1.431","1.455","1.418","4.66%"
"15/11/2021","1.373","1.412","1.418","1.372","-2.14%"
"14/11/2021","1.403","1.412","1.417","1.374","-0.50%"
"13/11/2021","1.410","1.410","1.410","1.410","-2.15%"
"12/11/2021","1.441","1.436","1.453","1.434","0.35%"
"11/11/2021","1.436","1.433","1.475","1.432","10.12%"
"10/11/2021","1.304","1.291","1.313","1.284","0.15%"
"09/11/2021","1.302","1.320","1.333","1.298","0.93%"
"08/11/2021","1.290","1.273","1.292","1.270","-2.42%"
"05/11/2021","1.322","1.282","1.345","1.281","-4.62%"
"04/11/2021","1.386","1.340","1.403","1.337","6.37%"
"03/11/2021","1.303","1.290","1.327","1.285","-8.69%"
"02/11/2021","1.427","1.368","1.461","1.368","0.99%"
"01/11/2021","1.413","1.480","1.481","1.400","-9.94%"
"29/10/2021","1.569","1.469","1.588","1.382","4.39%"
"28/10/2021","1.503","1.441","1.579","1.371","9.47%"
"27/10/2021","1.373","1.245","1.407","1.236","13.19%"
"26/10/2021","1.213","1.174","1.215","1.169","2.97%"
"25/10/2021","1.178","1.182","1.196","1.155","0.17%"
"24/10/2021","1.176","1.182","1.195","1.155","-0.84%"
"23/10/2021","1.186","1.186","1.186","1.186","-1.17%"
"22/10/2021","1.200","1.207","1.226","1.186","-1.23%"
"21/10/2021","1.215","1.168","1.224","1.167","1.84%"
"20/10/2021","1.193","1.157","1.246","1.157","0.76%"
"19/10/2021","1.184","1.215","1.226","1.118","0.94%"
"18/10/2021","1.173","1.087","1.177","1.087","4.45%"
"17/10/2021","1.123","1.087","1.131","1.087","3.41%"
"16/10/2021","1.086","1.086","1.086","1.086","5.54%"
"15/10/2021","1.029","0.981","1.031","0.976","2.59%"
"14/10/2021","1.003","0.978","1.028","0.977","-1.57%"
"13/10/2021","1.019","1.032","1.038","0.999","-0.20%"
"12/10/2021","1.021","1.028","1.042","1.006","3.65%"
"11/10/2021","0.985","0.959","0.992","0.918","1.23%"
"10/10/2021","0.973","0.959","0.992","0.918","1.67%"
"09/10/2021","0.957","0.936","0.957","0.936","0.53%"
"08/10/2021","0.952","0.894","0.952","0.891","9.68%"
"07/10/2021","0.868","0.836","0.882","0.821","3.46%"
"06/10/2021","0.839","0.820","0.843","0.819","4.22%"
"05/10/2021","0.805","0.801","0.810","0.796","2.03%"
"04/10/2021","0.789","0.784","0.789","0.781","0.64%"
"03/10/2021","0.784","0.787","0.816","0.782","0.26%"
"02/10/2021","0.782","0.793","0.793","0.782","-1.26%"
"01/10/2021","0.792","0.786","0.806","0.778","1.54%"
"30/09/2021","0.780","0.790","0.790","0.768","-1.39%"
"29/09/2021","0.791","0.777","0.798","0.772","1.28%"
"28/09/2021","0.781","0.754","0.785","0.742","7.13%"
"27/09/2021","0.729","0.737","0.753","0.713","-0.95%"
"25/09/2021","0.736","0.736","0.736","0.736","-0.67%"
"24/09/2021","0.741","0.692","0.742","0.677","15.24%"
"23/09/2021","0.643","0.636","0.648","0.628","0.31%"
"22/09/2021","0.641","0.636","0.653","0.609","0.16%"
"21/09/2021","0.640","0.610","0.642","0.607","-4.05%"
"20/09/2021","0.667","0.673","0.688","0.663","0.45%"
"18/09/2021","0.664","0.658","0.664","0.658","1.68%"
"17/09/2021","0.653","0.639","0.657","0.637","4.31%"
"16/09/2021","0.626","0.604","0.631","0.604","3.64%"
"15/09/2021","0.604","0.613","0.618","0.591","-5.63%"
"14/09/2021","0.640","0.644","0.659","0.638","-1.54%"
"13/09/2021","0.650","0.689","0.689","0.650","-0.46%"
"12/09/2021","0.653","0.653","0.653","0.653","-1.51%"
"11/09/2021","0.663","0.663","0.663","0.663","0.91%"
"10/09/2021","0.657","0.667","0.669","0.656","-3.95%"
"09/09/2021","0.684","0.668","0.688","0.665","-0.87%"
"08/09/2021","0.690","0.686","0.703","0.672","1.32%"
"07/09/2021","0.681","0.677","0.699","0.663","2.56%"
"06/09/2021","0.664","0.694","0.697","0.644","1.07%"
"04/09/2021","0.657","0.657","0.657","0.657","0.92%"
"03/09/2021","0.651","0.647","0.651","0.626","1.24%"
"02/09/2021","0.643","0.648","0.652","0.640","-2.87%"
"01/09/2021","0.662","0.633","0.666","0.604","10.70%"
"31/08/2021","0.598","0.596","0.600","0.592","-2.92%"
"30/08/2021","0.616","0.624","0.626","0.614","-2.53%"
"28/08/2021","0.632","0.642","0.642","0.632","-1.56%"
"27/08/2021","0.642","0.626","0.643","0.616","4.73%"
"26/08/2021","0.613","0.607","0.619","0.596","1.66%"
"25/08/2021","0.603","0.585","0.607","0.585","6.54%"
"24/08/2021","0.566","0.544","0.566","0.540","4.24%"
"23/08/2021","0.543","0.528","0.546","0.507","2.26%"
"21/08/2021","0.531","0.528","0.531","0.528","-0.75%"
"20/08/2021","0.535","0.537","0.548","0.532","-4.63%"
"19/08/2021","0.561","0.579","0.585","0.557","-4.10%"
"18/08/2021","0.585","0.582","0.587","0.571","-1.52%"
"17/08/2021","0.594","0.607","0.608","0.589","-0.34%"
"16/08/2021","0.596","0.635","0.644","0.593","-6.14%"
"14/08/2021","0.635","0.654","0.654","0.635","-2.76%"
"13/08/2021","0.653","0.652","0.660","0.651","1.56%"
"12/08/2021","0.643","0.656","0.665","0.642","-3.16%"
"11/08/2021","0.664","0.661","0.671","0.657","1.53%"
"10/08/2021","0.654","0.664","0.672","0.650","0.31%"
"09/08/2021","0.652","0.616","0.669","0.611","-0.76%"
"07/08/2021","0.657","0.657","0.657","0.657","3.79%"
"06/08/2021","0.633","0.616","0.635","0.611","5.32%"
"05/08/2021","0.601","0.589","0.602","0.585","0.00%"
"04/08/2021","0.601","0.595","0.606","0.595","3.26%"
"03/08/2021","0.582","0.587","0.588","0.577","-3.00%"
"02/08/2021","0.600","0.594","0.612","0.585","-0.66%"
"31/07/2021","0.604","0.603","0.604","0.603","-0.49%"
"30/07/2021","0.607","0.594","0.608","0.585","2.88%"
"29/07/2021","0.590","0.593","0.601","0.582","-1.01%"
"28/07/2021","0.596","0.613","0.637","0.589","-4.33%"
"27/07/2021","0.623","0.629","0.655","0.619","-0.80%"
"26/07/2021","0.628","0.629","0.639","0.623","-1.10%"
"24/07/2021","0.635","0.631","0.635","0.631","1.60%"
"23/07/2021","0.625","0.633","0.634","0.625","-0.16%"
"22/07/2021","0.626","0.643","0.644","0.621","3.30%"
"21/07/2021","0.606","0.610","0.624","0.597","1.68%"
"20/07/2021","0.596","0.598","0.611","0.589","-9.15%"
"19/07/2021","0.656","0.654","0.658","0.633","-2.38%"
"17/07/2021","0.672","0.693","0.693","0.672","-3.31%"
"16/07/2021","0.695","0.688","0.698","0.677","1.46%"
"15/07/2021","0.685","0.700","0.702","0.684","-6.68%"
"14/07/2021","0.734","0.744","0.746","0.722","3.09%"
"13/07/2021","0.712","0.710","0.717","0.703","0.42%"
"12/07/2021","0.709","0.778","0.779","0.708","-6.34%"
"10/07/2021","0.757","0.755","0.757","0.755","0.66%"
"09/07/2021","0.752","0.737","0.759","0.729","-1.31%"
"08/07/2021","0.762","0.762","0.768","0.745","-3.18%"
"07/07/2021","0.787","0.817","0.825","0.776","-4.61%"
"06/07/2021","0.825","0.796","0.838","0.750","4.56%"
"05/07/2021","0.789","0.784","0.794","0.760","0.64%"
"03/07/2021","0.784","0.783","0.784","0.783","-3.45%"
"02/07/2021","0.812","0.828","0.844","0.808","-3.79%"
"01/07/2021","0.844","0.847","0.850","0.838","-0.47%"
"30/06/2021","0.848","0.835","0.850","0.823","0.59%"
"29/06/2021","0.843","0.857","0.860","0.836","-2.54%"
"28/06/2021","0.865","0.898","0.913","0.862","-3.57%"
"26/06/2021","0.897","0.897","0.897","0.897","2.40%"
"25/06/2021","0.876","0.861","0.880","0.857","2.94%"
"24/06/2021","0.851","0.868","0.870","0.849","-1.96%"
"23/06/2021","0.868","0.885","0.893","0.867","-2.36%"
"22/06/2021","0.889","0.898","0.904","0.872","2.89%"
"21/06/2021","0.864","0.871","0.893","0.859","-0.92%"
"19/06/2021","0.872","0.872","0.872","0.872","2.11%"
"18/06/2021","0.854","0.833","0.864","0.833","2.15%"
"17/06/2021","0.836","0.801","0.861","0.790","14.36%"
"16/06/2021","0.731","0.732","0.741","0.727","2.24%"
"15/06/2021","0.715","0.722","0.727","0.707","-0.97%"
"14/06/2021","0.722","0.709","0.724","0.705","3.29%"
"12/06/2021","0.699","0.700","0.700","0.699","0.58%"
"11/06/2021","0.695","0.734","0.739","0.693","-3.20%"
"10/06/2021","0.718","0.739","0.745","0.717","-7.12%"
"09/06/2021","0.773","0.804","0.814","0.772","-4.80%"
"08/06/2021","0.812","0.808","0.814","0.801","1.25%"
"07/06/2021","0.802","0.817","0.847","0.801","-1.72%"
"05/06/2021","0.816","0.844","0.844","0.816","-4.00%"
"04/06/2021","0.850","0.823","0.854","0.819","3.91%"
"03/06/2021","0.818","0.829","0.840","0.797","-2.62%"
"02/06/2021","0.840","0.822","0.845","0.810","1.57%"
"01/06/2021","0.827","0.822","0.836","0.806","0.24%"
"31/05/2021","0.825","0.820","0.836","0.798","0.73%"
"29/05/2021","0.819","0.827","0.827","0.819","-1.09%"
"28/05/2021","0.828","0.792","0.829","0.789","5.21%"
"27/05/2021","0.787","0.781","0.788","0.779","0.00%"
"26/05/2021","0.787","0.775","0.788","0.763","-1.38%"
"25/05/2021","0.798","0.803","0.806","0.792","-0.87%"
"24/05/2021","0.805","0.818","0.837","0.786","-1.35%"
"22/05/2021","0.816","0.816","0.816","0.816","-1.33%"
"21/05/2021","0.827","0.847","0.851","0.826","-2.71%"
"20/05/2021","0.850","0.877","0.878","0.849","-2.41%"
"19/05/2021","0.871","0.882","0.887","0.870","-0.11%"
"18/05/2021","0.872","0.863","0.896","0.863","2.35%"
"17/05/2021","0.852","0.853","0.870","0.845","0.00%"
"15/05/2021","0.852","0.869","0.869","0.852","-1.05%"
"14/05/2021","0.861","0.869","0.878","0.859","0.12%"
"13/05/2021","0.860","0.854","0.861","0.844","3.12%"
"12/05/2021","0.834","0.826","0.838","0.819","4.25%"
"11/05/2021","0.800","0.794","0.804","0.788","-0.25%"
"10/05/2021","0.802","0.791","0.805","0.776","1.39%"
"08/05/2021","0.791","0.791","0.791","0.791","18.77%"
"07/05/2021","0.666","0.653","0.680","0.631","-1.33%"
"06/05/2021","0.675","0.672","0.694","0.654","-1.46%"
"05/05/2021","0.685","0.690","0.705","0.684","0.44%"
"04/05/2021","0.682","0.706","0.712","0.668","-1.45%"
"03/05/2021","0.692","0.696","0.719","0.677","0.36%"
"02/05/2021","0.689","0.695","0.695","0.689","0.00%"
"01/05/2021","0.689","0.692","0.701","0.689","-1.22%"
"30/04/2021","0.698","0.695","0.719","0.691","2.05%"
"29/04/2021","0.684","0.696","0.716","0.673","-3.66%"
"28/04/2021","0.710","0.739","0.761","0.705","-2.34%"
"27/04/2021","0.727","0.725","0.732","0.698","0.55%"
"26/04/2021","0.723","0.709","0.738","0.684","-0.07%"
"24/04/2021","0.724","0.723","0.729","0.723","-1.43%"
"23/04/2021","0.734","0.709","0.734","0.684","5.16%"
"22/04/2021","0.698","0.704","0.725","0.677","-1.83%"
"21/04/2021","0.711","0.718","0.721","0.699","-1.93%"
"20/04/2021","0.725","0.709","0.737","0.689","2.55%"
"19/04/2021","0.707","0.712","0.730","0.664","-0.56%"
"18/04/2021","0.711","0.706","0.711","0.706","0.00%"
"17/04/2021","0.711","0.698","0.711","0.698","2.89%"
"16/04/2021","0.691","0.700","0.709","0.685","-2.26%"
"15/04/2021","0.707","0.706","0.727","0.695","1.73%"
"14/04/2021","0.695","0.706","0.722","0.685","-3.34%"
"13/04/2021","0.719","0.692","0.733","0.689","3.90%"
"12/04/2021","0.692","0.688","0.713","0.664","0.58%"
"10/04/2021","0.688","0.683","0.688","0.683","3.46%"
"09/04/2021","0.665","0.650","0.670","0.650","-0.15%"
"08/04/2021","0.666","0.673","0.722","0.665","-2.77%"
"07/04/2021","0.685","0.673","0.698","0.645","-3.66%"
"06/04/2021","0.711","0.714","0.750","0.704","1.07%"
"04/04/2021","0.703","0.709","0.709","0.703","-5.06%"
"01/04/2021","0.741","0.758","0.765","0.720","-3.52%"
"31/03/2021","0.768","0.758","0.769","0.736","3.64%"
"30/03/2021","0.741","0.703","0.744","0.697","8.81%"
"29/03/2021","0.681","0.704","0.704","0.680","-1.66%"
"28/03/2021","0.692","0.698","0.701","0.674","-0.72%"
"27/03/2021","0.697","0.697","0.703","0.697","2.42%"
"26/03/2021","0.681","0.684","0.694","0.680","-2.58%"
"25/03/2021","0.699","0.672","0.700","0.662","5.59%"
"24/03/2021","0.662","0.684","0.695","0.660","-8.82%"
"23/03/2021","0.726","0.759","0.759","0.724","-3.20%"
"22/03/2021","0.750","0.789","0.800","0.750","-4.58%"
"21/03/2021","0.786","0.789","0.800","0.772","0.38%"
"20/03/2021","0.783","0.788","0.788","0.783","-1.63%"
"19/03/2021","0.796","0.796","0.812","0.786","-0.38%"
"18/03/2021","0.799","0.724","0.799","0.705","13.01%"
"17/03/2021","0.707","0.693","0.707","0.689","2.76%"
"16/03/2021","0.688","0.748","0.764","0.678","-7.53%"
"15/03/2021","0.744","0.748","0.781","0.723","-0.87%"
"14/03/2021","0.751","0.748","0.755","0.717","-0.20%"
"13/03/2021","0.752","0.752","0.752","0.752","5.17%"
"12/03/2021","0.715","0.733","0.734","0.708","-4.54%"
"11/03/2021","0.749","0.755","0.760","0.743","-2.98%"
"10/03/2021","0.772","0.795","0.798","0.760","-2.53%"
"09/03/2021","0.792","0.828","0.842","0.791","-0.13%"
"08/03/2021","0.793","0.787","0.823","0.763","-1.18%"
"07/03/2021","0.803","0.787","0.807","0.758","2.62%"
"06/03/2021","0.782","0.781","0.841","0.781","-6.79%"
"05/03/2021","0.839","0.831","0.867","0.815","2.32%"
"04/03/2021","0.820","0.776","0.832","0.769","11.41%"
"03/03/2021","0.736","0.751","0.756","0.714","5.60%"
"02/03/2021","0.697","0.697","0.711","0.661","-1.27%"
"01/03/2021","0.706","0.782","0.834","0.705","-6.55%"
"28/02/2021","0.756","0.777","0.832","0.755","-2.77%"
"27/02/2021","0.777","0.839","0.839","0.772","-0.77%"
"26/02/2021","0.783","0.850","0.874","0.779","5.38%"
"25/02/2021","0.743","0.685","0.766","0.683","11.73%"
"24/02/2021","0.665","0.668","0.668","0.642","4.89%"
"23/02/2021","0.634","0.677","0.692","0.631","0.32%"
"22/02/2021","0.632","0.583","0.647","0.579","7.21%"
"21/02/2021","0.590","0.577","0.627","0.573","1.64%"
"20/02/2021","0.580","0.580","0.580","0.580","7.01%"
"19/02/2021","0.542","0.530","0.554","0.528","4.84%"
"18/02/2021","0.517","0.521","0.525","0.515","0.19%"
"17/02/2021","0.516","0.511","0.537","0.487","7.05%"
"16/02/2021","0.482","0.470","0.487","0.464","3.21%"
"15/02/2021","0.467","0.454","0.486","0.453","4.01%"
"14/02/2021","0.449","0.449","0.480","0.449","0.22%"
"13/02/2021","0.448","0.453","0.453","0.448","1.59%"
"12/02/2021","0.441","0.434","0.451","0.434","1.61%"
"11/02/2021","0.434","0.441","0.450","0.433","-1.81%"
"10/02/2021","0.442","0.440","0.448","0.434","-0.23%"
"09/02/2021","0.443","0.450","0.465","0.442","-1.77%"
"08/02/2021","0.451","0.443","0.457","0.423","2.97%"
"07/02/2021","0.438","0.438","0.444","0.417","0.00%"
"06/02/2021","0.438","0.437","0.438","0.437","0.34%"
"05/02/2021","0.436","0.440","0.457","0.405","-1.13%"
"04/02/2021","0.441","0.417","0.441","0.370","5.76%"
"03/02/2021","0.417","0.408","0.422","0.404","-2.57%"
"02/02/2021","0.428","0.420","0.431","0.404","2.39%"
"01/02/2021","0.418","0.425","0.427","0.415","0.84%"
"31/01/2021","0.414","0.425","0.425","0.409","-2.47%"
"30/01/2021","0.425","0.418","0.425","0.418","3.41%"
"29/01/2021","0.411","0.404","0.415","0.398","3.01%"
"28/01/2021","0.399","0.392","0.403","0.386","-1.72%"
"27/01/2021","0.406","0.398","0.410","0.388","2.78%"
"26/01/2021","0.395","0.389","0.411","0.382","-5.05%"
"25/01/2021","0.416","0.410","0.435","0.404","2.72%"
"24/01/2021","0.405","0.403","0.429","0.400","0.25%"
"23/01/2021","0.404","0.404","0.404","0.404","-3.12%"
"22/01/2021","0.417","0.411","0.419","0.392","3.47%"
"21/01/2021","0.403","0.402","0.411","0.399","-0.74%"
"20/01/2021","0.406","0.410","0.428","0.404","-1.69%"
"19/01/2021","0.413","0.415","0.437","0.396","2.74%"
"18/01/2021","0.402","0.410","0.442","0.400","0.37%"
"17/01/2021","0.400","0.404","0.437","0.396","-2.08%"
"16/01/2021","0.409","0.403","0.409","0.403","-1.45%"
"15/01/2021","0.415","0.433","0.439","0.414","-3.94%"
"14/01/2021","0.432","0.424","0.438","0.422","-0.23%"
"13/01/2021","0.433","0.444","0.471","0.433","-3.13%"
"12/01/2021","0.447","0.440","0.450","0.434","3.95%"
"11/01/2021","0.430","0.440","0.465","0.427","-0.81%"
"10/01/2021","0.433","0.434","0.460","0.429","0.00%"
"09/01/2021","0.434","0.440","0.440","0.434","12.44%"
"08/01/2021","0.386","0.380","0.388","0.379","4.04%"
"07/01/2021","0.371","0.373","0.397","0.370","6.30%"
"06/01/2021","0.349","0.334","0.350","0.334","5.76%"
"05/01/2021","0.330","0.331","0.352","0.325","-2.94%"
"04/01/2021","0.340","0.334","0.352","0.322","4.13%"
"03/01/2021","0.326","0.324","0.345","0.315","-1.06%"
"02/01/2021","0.330","0.324","0.330","0.324","0.30%"
"01/01/2021","0.329","0.322","0.329","0.322","-2.37%"
"31/12/2020","0.337","0.342","0.362","0.335","0.30%"
"30/12/2020","0.336","0.333","0.341","0.333","-2.61%"
"29/12/2020","0.345","0.348","0.353","0.345","3.76%"
"28/12/2020","0.333","0.333","0.333","0.333","-3.76%"
"27/12/2020","0.345","0.345","0.345","0.345","0.00%"
"26/12/2020","0.345","0.345","0.345","0.345","-2.95%"
"24/12/2020","0.356","0.349","0.359","0.335","5.01%"
"23/12/2020","0.339","0.338","0.343","0.332","-3.42%"
"22/12/2020","0.351","0.357","0.370","0.350","-3.57%"
"21/12/2020","0.364","0.379","0.406","0.363","-0.82%"
"20/12/2020","0.367","0.368","0.368","0.365","-1.48%"
"19/12/2020","0.373","0.373","0.373","0.373","-2.23%"
"18/12/2020","0.381","0.386","0.421","0.374","0.26%"
"17/12/2020","0.380","0.360","0.389","0.342","7.04%"
"16/12/2020","0.355","0.358","0.390","0.354","-0.28%"
"15/12/2020","0.356","0.339","0.357","0.339","4.71%"
"14/12/2020","0.340","0.347","0.347","0.339","-3.41%"
"11/12/2020","0.352","0.340","0.353","0.338","4.76%"
"10/12/2020","0.336","0.336","0.346","0.333","-1.47%"
"09/12/2020","0.341","0.331","0.352","0.329","-0.87%"
"08/12/2020","0.344","0.343","0.347","0.318","-0.58%"
"07/12/2020","0.346","0.359","0.366","0.341","-3.08%"
"06/12/2020","0.357","0.341","0.359","0.341","3.78%"
"04/12/2020","0.344","0.338","0.349","0.336","2.69%"
"03/12/2020","0.335","0.339","0.339","0.311","0.30%"
"02/12/2020","0.334","0.328","0.336","0.319","8.09%"
"01/12/2020","0.309","0.307","0.325","0.305","2.66%"
"30/11/2020","0.301","0.302","0.341","0.280","0.00%"
"29/11/2020","0.301","0.326","0.326","0.297","-0.99%"
"27/11/2020","0.304","0.302","0.313","0.295","-0.33%"
"26/11/2020","0.305","0.300","0.311","0.286","-2.56%"
"25/11/2020","0.313","0.311","0.319","0.300","3.64%"
"24/11/2020","0.302","0.295","0.304","0.265","2.03%"
"23/11/2020","0.296","0.299","0.299","0.269","0.00%"
"22/11/2020","0.296","0.283","0.296","0.283","-1.33%"
"20/11/2020","0.300","0.304","0.309","0.299","-2.60%"
"19/11/2020","0.308","0.312","0.315","0.277","0.00%"
"18/11/2020","0.308","0.312","0.317","0.306","-4.94%"
"17/11/2020","0.324","0.325","0.346","0.278","4.85%"
"16/11/2020","0.309","0.319","0.338","0.302","-2.52%"
"15/11/2020","0.317","0.315","0.317","0.315","1.93%"
"13/11/2020","0.311","0.300","0.315","0.299","-2.20%"
"12/11/2020","0.318","0.323","0.341","0.304","-6.74%"
"11/11/2020","0.341","0.326","0.344","0.318","12.54%"
"10/11/2020","0.303","0.298","0.304","0.261","15.21%"
"09/11/2020","0.263","0.272","0.274","0.235","-2.95%"
"08/11/2020","0.271","0.274","0.274","0.271","0.37%"
"06/11/2020","0.270","0.263","0.286","0.258","5.47%"
"05/11/2020","0.256","0.250","0.263","0.244","-6.57%"
"04/11/2020","0.274","0.274","0.282","0.241","-0.36%"
"03/11/2020","0.275","0.280","0.281","0.274","-4.84%"
"02/11/2020","0.289","0.289","0.299","0.262","1.40%"
"30/10/2020","0.285","0.288","0.292","0.270","-2.06%"
"29/10/2020","0.291","0.277","0.300","0.269","2.46%"
"28/10/2020","0.284","0.281","0.298","0.276","0.00%"
"27/10/2020","0.284","0.288","0.307","0.282","-2.74%"
"26/10/2020","0.292","0.298","0.339","0.267","-2.67%"
"25/10/2020","0.300","0.326","0.327","0.300","-2.28%"
"23/10/2020","0.307","0.308","0.317","0.295","0.99%"
"22/10/2020","0.304","0.295","0.325","0.292","-0.33%"
"21/10/2020","0.305","0.291","0.308","0.259","4.81%"
"20/10/2020","0.291","0.293","0.301","0.273","-1.02%"
"19/10/2020","0.294","0.284","0.296","0.273","4.26%"
"18/10/2020","0.282","0.290","0.290","0.281","-2.08%"
"16/10/2020","0.288","0.285","0.296","0.284","-1.03%"
"15/10/2020","0.291","0.323","0.330","0.288","-9.91%"
"14/10/2020","0.323","0.316","0.341","0.308","0.62%"
"13/10/2020","0.321","0.320","0.330","0.316","-1.53%"
"12/10/2020","0.326","0.326","0.327","0.293","0.62%"
"11/10/2020","0.324","0.325","0.325","0.324","-1.52%"
"09/10/2020","0.329","0.326","0.342","0.322","-1.50%"
"08/10/2020","0.334","0.330","0.339","0.323","1.52%"
"07/10/2020","0.329","0.331","0.353","0.319","-13.65%"
"06/10/2020","0.381","0.390","0.412","0.353","0.26%"
"05/10/2020","0.380","0.374","0.401","0.350","1.88%"
"04/10/2020","0.373","0.373","0.373","0.373","0.54%"
"02/10/2020","0.371","0.344","0.377","0.344","-4.38%"
"01/10/2020","0.388","0.378","0.391","0.358","4.86%"
"30/09/2020","0.370","0.362","0.377","0.341","2.21%"
"29/09/2020","0.362","0.356","0.384","0.343","0.28%"
"28/09/2020","0.361","0.345","0.372","0.332","-3.22%"
"25/09/2020","0.373","0.373","0.382","0.365","-1.06%"
"24/09/2020","0.377","0.383","0.391","0.375","0.53%"
"23/09/2020","0.375","0.431","0.431","0.372","-16.85%"
"22/09/2020","0.451","0.433","0.453","0.429","1.58%"
"21/09/2020","0.444","0.449","0.451","0.443","-0.67%"
"18/09/2020","0.447","0.425","0.448","0.425","4.68%"
"17/09/2020","0.427","0.417","0.433","0.411","2.40%"
"16/09/2020","0.417","0.412","0.422","0.412","-4.36%"
"15/09/2020","0.436","0.436","0.453","0.433","-1.80%"
"14/09/2020","0.444","0.458","0.459","0.434","13.55%"
"11/09/2020","0.391","0.386","0.395","0.384","-0.26%"
"10/09/2020","0.392","0.397","0.430","0.363","0.26%"
"09/09/2020","0.391","0.392","0.410","0.370","-3.93%"
"08/09/2020","0.407","0.401","0.414","0.380","0.99%"
"07/09/2020","0.403","0.410","0.445","0.376","-1.47%"
"05/09/2020","0.409","0.409","0.409","0.409","4.07%"
"04/09/2020","0.393","0.392","0.397","0.377","-2.96%"
"03/09/2020","0.405","0.404","0.412","0.403","-3.34%"
"02/09/2020","0.419","0.407","0.447","0.406","-2.10%"
"01/09/2020","0.428","0.425","0.432","0.401","-0.23%"
"31/08/2020","0.429","0.418","0.460","0.416","2.63%"
"29/08/2020","0.418","0.418","0.418","0.418","-1.88%"
"28/08/2020","0.426","0.420","0.433","0.415","4.67%"
"27/08/2020","0.407","0.410","0.417","0.405","-1.93%"
"26/08/2020","0.415","0.416","0.418","0.387","2.72%"
"25/08/2020","0.404","0.404","0.433","0.376","1.00%"
"24/08/2020","0.400","0.403","0.432","0.360","-0.74%"
"22/08/2020","0.403","0.403","0.403","0.403","-0.49%"
"21/08/2020","0.405","0.398","0.413","0.394","0.50%"
"20/08/2020","0.403","0.405","0.425","0.400","-0.49%"
"19/08/2020","0.405","0.406","0.433","0.385","-0.49%"
"18/08/2020","0.407","0.410","0.413","0.406","-2.86%"
"17/08/2020","0.419","0.412","0.422","0.393","1.70%"
"15/08/2020","0.412","0.412","0.412","0.412","-0.72%"
"14/08/2020","0.415","0.416","0.418","0.364","3.23%"
"13/08/2020","0.402","0.406","0.409","0.381","0.00%"
"12/08/2020","0.402","0.399","0.434","0.393","2.55%"
"11/08/2020","0.392","0.381","0.393","0.373","2.89%"
"10/08/2020","0.381","0.385","0.386","0.371","-0.78%"
"08/08/2020","0.384","0.384","0.384","0.384","1.59%"
"07/08/2020","0.378","0.377","0.399","0.331","-0.79%"
"06/08/2020","0.381","0.383","0.387","0.365","0.53%"
"05/08/2020","0.379","0.370","0.381","0.359","-0.52%"
"04/08/2020","0.381","0.411","0.411","0.363","-7.75%"
"03/08/2020","0.413","0.403","0.414","0.399","2.74%"
"01/08/2020","0.402","0.416","0.416","0.402","0.50%"
"31/07/2020","0.400","0.401","0.405","0.354","-2.68%"
"30/07/2020","0.411","0.409","0.436","0.373","-0.24%"
"29/07/2020","0.412","0.409","0.416","0.372","-3.29%"
"28/07/2020","0.426","0.421","0.469","0.385","2.16%"
"27/07/2020","0.417","0.415","0.457","0.368","1.21%"
"24/07/2020","0.412","0.410","0.417","0.368","-1.67%"
"23/07/2020","0.419","0.420","0.437","0.378","-1.87%"
"22/07/2020","0.427","0.417","0.427","0.382","2.15%"
"21/07/2020","0.418","0.415","0.421","0.391","0.00%"
"20/07/2020","0.418","0.417","0.421","0.414","0.24%"
"19/07/2020","0.417","0.417","0.417","0.417","0.00%"
"18/07/2020","0.417","0.417","0.417","0.417","-0.24%"
"17/07/2020","0.418","0.416","0.442","0.409","-0.71%"
"16/07/2020","0.421","0.421","0.423","0.370","0.72%"
"15/07/2020","0.418","0.423","0.450","0.400","-0.48%"
"14/07/2020","0.420","0.419","0.435","0.412","-0.71%"
"13/07/2020","0.423","0.415","0.459","0.406","1.93%"
"11/07/2020","0.415","0.415","0.415","0.415","1.47%"
"10/07/2020","0.409","0.398","0.423","0.371","-0.24%"
"09/07/2020","0.410","0.409","0.429","0.363","3.02%"
"08/07/2020","0.398","0.400","0.407","0.353","-2.21%"
"07/07/2020","0.407","0.417","0.417","0.367","-1.69%"
"06/07/2020","0.414","0.407","0.416","0.370","6.43%"
"05/07/2020","0.389","0.389","0.389","0.389","-2.14%"
"04/07/2020","0.398","0.396","0.398","0.396","-2.81%"
"03/07/2020","0.409","0.402","0.437","0.395","-0.49%"
"02/07/2020","0.411","0.403","0.428","0.402","-0.48%"
"01/07/2020","0.413","0.410","0.423","0.364","3.77%"
"30/06/2020","0.398","0.415","0.436","0.356","1.02%"
"29/06/2020","0.394","0.394","0.394","0.369","5.07%"
"28/06/2020","0.375","0.375","0.375","0.375","-5.78%"
"26/06/2020","0.398","0.401","0.401","0.388","-0.50%"
"25/06/2020","0.400","0.397","0.418","0.391","-1.48%"
"24/06/2020","0.406","0.407","0.413","0.358","0.74%"
"23/06/2020","0.403","0.398","0.409","0.379","3.60%"
"22/06/2020","0.389","0.388","0.428","0.379","4.57%"
"21/06/2020","0.372","0.372","0.372","0.372","-1.46%"
"20/06/2020","0.377","0.377","0.377","0.377","-2.96%"
"19/06/2020","0.389","0.386","0.392","0.350","0.78%"
"18/06/2020","0.386","0.394","0.394","0.364","-0.26%"
"17/06/2020","0.387","0.395","0.409","0.351","-0.26%"
"16/06/2020","0.388","0.346","0.391","0.330","3.47%"
"15/06/2020","0.375","0.375","0.384","0.373","1.63%"
"14/06/2020","0.369","0.370","0.370","0.360","-0.27%"
"13/06/2020","0.370","0.370","0.370","0.370","-3.39%"
"12/06/2020","0.383","0.375","0.385","0.371","-1.79%"
"11/06/2020","0.390","0.390","0.403","0.387","-6.70%"
"10/06/2020","0.418","0.418","0.422","0.391","-1.65%"
"09/06/2020","0.425","0.441","0.483","0.423","-1.28%"
"08/06/2020","0.431","0.426","0.447","0.424","3.36%"
"07/06/2020","0.417","0.425","0.425","0.417","-5.23%"
"06/06/2020","0.440","0.425","0.440","0.425","2.45%"
"05/06/2020","0.429","0.443","0.475","0.423","3.12%"
"04/06/2020","0.416","0.422","0.427","0.396","4.00%"
"03/06/2020","0.400","0.394","0.424","0.385","2.83%"
"02/06/2020","0.389","0.398","0.418","0.358","-2.02%"
"01/06/2020","0.397","0.420","0.433","0.396","-1.00%"
"31/05/2020","0.401","0.382","0.401","0.382","0.63%"
"30/05/2020","0.398","0.398","0.398","0.398","-0.62%"
"29/05/2020","0.401","0.404","0.433","0.394","0.00%"
"28/05/2020","0.401","0.403","0.414","0.363","0.50%"
"27/05/2020","0.399","0.410","0.410","0.362","-0.25%"
"26/05/2020","0.400","0.400","0.402","0.379","0.76%"
"25/05/2020","0.397","0.398","0.450","0.393","1.79%"
"24/05/2020","0.390","0.383","0.390","0.375","0.52%"
"23/05/2020","0.388","0.383","0.388","0.383","-2.51%"
"22/05/2020","0.398","0.403","0.403","0.356","1.79%"
"21/05/2020","0.391","0.405","0.442","0.391","-3.22%"
"20/05/2020","0.404","0.404","0.409","0.375","0.50%"
"19/05/2020","0.402","0.403","0.438","0.378","4.42%"
"18/05/2020","0.385","0.373","0.391","0.373","5.19%"
"17/05/2020","0.366","0.365","0.366","0.365","-0.27%"
"16/05/2020","0.367","0.367","0.367","0.367","-4.43%"
"15/05/2020","0.384","0.374","0.391","0.331","1.32%"
"14/05/2020","0.379","0.381","0.413","0.372","-4.77%"
"13/05/2020","0.398","0.406","0.441","0.366","-1.24%"
"12/05/2020","0.403","0.410","0.414","0.371","-0.74%"
"11/05/2020","0.406","0.377","0.409","0.374","1.75%"
"10/05/2020","0.399","0.397","0.399","0.371","0.50%"
"09/05/2020","0.397","0.397","0.397","0.397","1.28%"
"08/05/2020","0.392","0.414","0.419","0.374","-5.54%"
"07/05/2020","0.415","0.425","0.439","0.404","-0.72%"
"06/05/2020","0.418","0.415","0.419","0.375","2.45%"
"05/05/2020","0.408","0.407","0.409","0.386","-0.24%"
"04/05/2020","0.409","0.424","0.466","0.399","0.74%"
"03/05/2020","0.406","0.404","0.406","0.396","0.50%"
"02/05/2020","0.404","0.404","0.404","0.404","-1.94%"
"01/05/2020","0.412","0.437","0.456","0.396","-5.94%"
"30/04/2020","0.438","0.453","0.482","0.430","-1.35%"
"29/04/2020","0.444","0.451","0.451","0.406","-1.55%"
"28/04/2020","0.451","0.476","0.495","0.418","-0.66%"
"27/04/2020","0.454","0.463","0.463","0.447","1.34%"
"26/04/2020","0.448","0.444","0.448","0.428","0.79%"
"25/04/2020","0.444","0.429","0.444","0.429","-1.22%"
"24/04/2020","0.450","0.456","0.474","0.436","2.74%"
"23/04/2020","0.438","0.447","0.470","0.383","0.92%"
"22/04/2020","0.434","0.443","0.460","0.419","-1.59%"
"21/04/2020","0.441","0.443","0.476","0.427","1.15%"
"20/04/2020","0.436","0.435","0.448","0.412","6.21%"
"19/04/2020","0.410","0.415","0.416","0.410","-1.08%"
"18/04/2020","0.415","0.415","0.415","0.415","-7.16%"
"17/04/2020","0.447","0.439","0.451","0.381","4.20%"
"16/04/2020","0.429","0.437","0.456","0.421","-6.94%"
"15/04/2020","0.461","0.474","0.499","0.432","-1.71%"
"14/04/2020","0.469","0.448","0.481","0.443","13.01%"
"13/04/2020","0.415","0.461","0.461","0.415","0.00%"
"12/04/2020","0.415","0.415","0.415","0.415","-10.37%"
"09/04/2020","0.463","0.468","0.472","0.439","6.19%"
"08/04/2020","0.436","0.443","0.451","0.407","4.81%"
"07/04/2020","0.416","0.446","0.452","0.407","0.73%"
"06/04/2020","0.413","0.422","0.441","0.408","11.62%"
"05/04/2020","0.370","0.401","0.401","0.370","-7.73%"
"04/04/2020","0.401","0.401","0.401","0.401","-3.14%"
"03/04/2020","0.414","0.439","0.463","0.409","1.97%"
"02/04/2020","0.406","0.408","0.424","0.377","2.78%"
"01/04/2020","0.395","0.442","0.458","0.390","-11.43%"
"31/03/2020","0.446","0.485","0.485","0.431","2.53%"
"30/03/2020","0.435","0.472","0.476","0.416","6.36%"
"29/03/2020","0.409","0.435","0.435","0.409","-19.49%"
"27/03/2020","0.508","0.507","0.527","0.451","8.32%"
"26/03/2020","0.469","0.505","0.505","0.461","-2.09%"
"25/03/2020","0.479","0.523","0.525","0.434","0.84%"
"24/03/2020","0.475","0.495","0.500","0.461","0.64%"
"23/03/2020","0.472","0.487","0.510","0.455","5.36%"
"22/03/2020","0.448","0.472","0.477","0.445","-4.98%"
"21/03/2020","0.472","0.472","0.472","0.472","-7.73%"
"20/03/2020","0.511","0.535","0.542","0.501","-9.88%"
"19/03/2020","0.567","0.690","0.715","0.550","-13.17%"
"18/03/2020","0.653","0.653","0.700","0.643","8.29%"
"17/03/2020","0.603","0.608","0.626","0.573","11.05%"
"16/03/2020","0.543","0.719","0.719","0.506","4.12%"
"15/03/2020","0.521","0.720","0.720","0.520","-12.06%"
"13/03/2020","0.593","0.522","0.593","0.505","15.15%"
"12/03/2020","0.515","0.545","0.554","0.490","5.32%"
"11/03/2020","0.489","0.567","0.579","0.489","0.00%"
"10/03/2020","0.489","0.468","0.501","0.453","13.19%"
"09/03/2020","0.432","0.434","0.457","0.400","1.17%"
"08/03/2020","0.427","0.461","0.461","0.412","-7.27%"
"07/03/2020","0.461","0.461","0.461","0.461","5.14%"
"06/03/2020","0.438","0.487","0.495","0.437","-13.27%"
"05/03/2020","0.505","0.490","0.520","0.490","7.91%"
"04/03/2020","0.468","0.508","0.524","0.452","-13.65%"
"03/03/2020","0.542","0.530","0.576","0.503","9.05%"
"02/03/2020","0.497","0.453","0.518","0.409","19.04%"
"01/03/2020","0.417","0.448","0.450","0.405","-6.81%"
"29/02/2020","0.448","0.448","0.448","0.448","-24.71%"
"28/02/2020","0.595","0.628","0.628","0.578","-6.89%"
"27/02/2020","0.639","0.672","0.679","0.630","-6.72%"
"26/02/2020","0.685","0.689","0.689","0.672","-0.72%"
"25/02/2020","0.690","0.673","0.696","0.660","0.00%"
"24/02/2020","0.690","0.693","0.695","0.656","3.68%"
"23/02/2020","0.665","0.682","0.691","0.652","-7.57%"
"21/02/2020","0.720","0.731","0.734","0.710","-2.04%"
"20/02/2020","0.735","0.794","0.804","0.735","-6.73%"
"19/02/2020","0.788","0.791","0.797","0.782","-0.63%"
"18/02/2020","0.793","0.816","0.822","0.788","-2.58%"
"17/02/2020","0.814","0.797","0.817","0.795","1.75%"
"16/02/2020","0.800","0.791","0.814","0.791","1.14%"
"15/02/2020","0.791","0.791","0.791","0.791","-2.59%"
"14/02/2020","0.812","0.813","0.819","0.802","-0.98%"
"13/02/2020","0.820","0.838","0.853","0.816","-0.36%"
"12/02/2020","0.823","0.798","0.826","0.798","3.39%"
"11/02/2020","0.796","0.770","0.797","0.767","1.92%"
"10/02/2020","0.781","0.793","0.813","0.742","3.65%"
"09/02/2020","0.753","0.778","0.811","0.752","-3.15%"
"08/02/2020","0.778","0.778","0.778","0.778","0.52%"
"07/02/2020","0.774","0.785","0.799","0.759","-3.37%"
"06/02/2020","0.801","0.781","0.812","0.763","6.37%"
"05/02/2020","0.753","0.711","0.770","0.690","17.29%"
"04/02/2020","0.642","0.624","0.643","0.608","2.07%"
"03/02/2020","0.629","0.640","0.642","0.601","4.83%"
"02/02/2020","0.600","0.617","0.633","0.599","-2.68%"
"01/02/2020","0.617","0.617","0.617","0.617","-8.40%"
"31/01/2020","0.673","0.673","0.692","0.668","-2.18%"
"30/01/2020","0.688","0.705","0.709","0.678","-6.90%"
"29/01/2020","0.739","0.689","0.744","0.689","8.36%"
"28/01/2020","0.682","0.710","0.714","0.677","-2.85%"
"27/01/2020","0.702","0.772","0.772","0.689","-8.71%"
"26/01/2020","0.769","0.762","0.769","0.762","0.98%"
"25/01/2020","0.762","0.762","0.762","0.762","-2.87%"
"24/01/2020","0.784","0.784","0.798","0.779","-2.61%"
"23/01/2020","0.805","0.771","0.809","0.756","4.14%"
"22/01/2020","0.773","0.788","0.798","0.762","-4.92%"
"21/01/2020","0.813","0.816","0.833","0.800","-0.61%"
"20/01/2020","0.818","0.817","0.831","0.812","0.12%"
"19/01/2020","0.817","0.808","0.821","0.802","1.18%"
"18/01/2020","0.808","0.808","0.808","0.808","-3.06%"
"17/01/2020","0.833","0.833","0.846","0.831","-0.48%"
"16/01/2020","0.837","0.836","0.846","0.827","-1.99%"
"15/01/2020","0.854","0.872","0.875","0.853","-2.18%"
"14/01/2020","0.873","0.865","0.875","0.861","2.34%"
"13/01/2020","0.853","0.863","0.867","0.846","-0.12%"
"12/01/2020","0.854","0.854","0.859","0.839","0.00%"
"11/01/2020","0.854","0.854","0.854","0.854","-2.12%"
"10/01/2020","0.872","0.860","0.879","0.856","1.63%"
"09/01/2020","0.858","0.868","0.873","0.851","4.00%"
"08/01/2020","0.825","0.852","0.852","0.802","-3.85%"
"07/01/2020","0.858","0.861","0.868","0.843","-0.58%"
"06/01/2020","0.863","0.883","0.900","0.848","0.94%"
"05/01/2020","0.855","0.871","0.892","0.855","-1.78%"
"04/01/2020","0.871","0.871","0.871","0.871","-3.17%"
"03/01/2020","0.899","0.939","0.950","0.894","-9.19%"
"02/01/2020","0.990","0.987","1.005","0.987","-0.50%"
"01/01/2020","0.995","0.989","0.998","0.984","0.10%"
"31/12/2019","0.994","0.999","1.009","0.981","4.19%"
"30/12/2019","0.954","0.963","0.969","0.928","0.10%"
"29/12/2019","0.953","0.966","0.966","0.953","-1.40%"
"28/12/2019","0.966","0.966","0.966","0.966","0.89%"
"27/12/2019","0.958","0.954","0.969","0.950","1.00%"
"26/12/2019","0.948","0.941","0.965","0.941","0.00%"
"25/12/2019","0.948","0.948","0.948","0.948","-1.04%"
"24/12/2019","0.958","0.967","0.976","0.955","3.46%"
"23/12/2019","0.926","0.934","0.955","0.919","-0.64%"
"22/12/2019","0.932","0.942","0.952","0.916","-1.01%"
"21/12/2019","0.942","0.942","0.942","0.942","0.16%"
"20/12/2019","0.940","0.895","0.947","0.892","7.43%"
"19/12/2019","0.875","0.849","0.892","0.832","8.70%"
"18/12/2019","0.805","0.784","0.807","0.782","2.16%"
"17/12/2019","0.788","0.856","0.888","0.779","-2.35%"
"16/12/2019","0.807","0.803","0.851","0.787","-0.92%"
"15/12/2019","0.814","0.802","0.849","0.784","1.62%"
"14/12/2019","0.802","0.802","0.802","0.802","-8.30%"
"13/12/2019","0.874","0.806","0.875","0.806","12.92%"
"12/12/2019","0.774","0.766","0.774","0.756","2.52%"
"11/12/2019","0.755","0.746","0.760","0.744","0.53%"
"10/12/2019","0.751","0.755","0.776","0.717","-3.22%"
"09/12/2019","0.776","0.756","0.781","0.746","2.44%"
"08/12/2019","0.757","0.761","0.764","0.743","-0.53%"
"07/12/2019","0.762","0.762","0.762","0.762","2.49%"
"06/12/2019","0.743","0.749","0.750","0.733","1.92%"
"05/12/2019","0.729","0.766","0.766","0.718","-1.22%"
"04/12/2019","0.738","0.742","0.767","0.732","-3.91%"
"03/12/2019","0.768","0.777","0.798","0.744","6.52%"
"02/12/2019","0.721","0.702","0.723","0.701","2.63%"
"01/12/2019","0.702","0.712","0.720","0.698","-1.40%"
"30/11/2019","0.712","0.712","0.712","0.712","6.18%"
"29/11/2019","0.671","0.670","0.675","0.656","0.15%"
"28/11/2019","0.670","0.699","0.704","0.649","-7.46%"
"27/11/2019","0.724","0.754","0.771","0.719","-6.94%"
"26/11/2019","0.778","0.780","0.795","0.766","-0.26%"
"25/11/2019","0.780","0.786","0.795","0.769","-1.20%"
"24/11/2019","0.789","0.789","0.789","0.766","0.13%"
"23/11/2019","0.789","0.789","0.789","0.789","-0.44%"
"22/11/2019","0.792","0.785","0.807","0.781","2.99%"
"21/11/2019","0.769","0.763","0.783","0.747","0.39%"
"20/11/2019","0.766","0.788","0.795","0.761","-1.92%"
"19/11/2019","0.781","0.805","0.813","0.761","-3.22%"
"18/11/2019","0.807","0.810","0.814","0.795","0.00%"
"17/11/2019","0.807","0.808","0.813","0.803","-0.12%"
"16/11/2019","0.808","0.808","0.808","0.808","-0.43%"
"15/11/2019","0.811","0.795","0.812","0.778","0.00%"
"14/11/2019","0.811","0.866","0.880","0.809","-9.08%"
"13/11/2019","0.892","0.895","0.899","0.866","-1.22%"
"12/11/2019","0.903","0.921","0.928","0.903","-1.74%"
"11/11/2019","0.919","0.939","0.961","0.918","-2.18%"
"10/11/2019","0.939","0.941","0.960","0.938","-0.11%"
"09/11/2019","0.941","0.941","0.941","0.941","1.24%"
"08/11/2019","0.929","0.952","0.969","0.919","4.38%"
"07/11/2019","0.890","0.920","0.943","0.889","-2.94%"
"06/11/2019","0.917","0.914","0.931","0.907","3.38%"
"05/11/2019","0.887","0.877","0.894","0.875","3.62%"
"04/11/2019","0.856","0.861","0.901","0.850","-0.29%"
"03/11/2019","0.859","0.859","0.899","0.859","-0.12%"
"02/11/2019","0.859","0.859","0.859","0.859","4.06%"
"01/11/2019","0.826","0.838","0.838","0.817","-2.48%"
"31/10/2019","0.847","0.818","0.847","0.810","2.17%"
"30/10/2019","0.829","0.859","0.859","0.826","-0.36%"
"29/10/2019","0.832","0.819","0.836","0.793","5.58%"
"28/10/2019","0.788","0.765","0.792","0.763","2.60%"
"27/10/2019","0.768","0.772","0.772","0.761","1.99%"
"25/10/2019","0.753","0.765","0.765","0.740","-3.21%"
"24/10/2019","0.778","0.786","0.789","0.774","-1.27%"
"23/10/2019","0.788","0.820","0.839","0.783","-5.97%"
"22/10/2019","0.838","0.834","0.844","0.829","2.20%"
"21/10/2019","0.820","0.825","0.848","0.795","0.18%"
"20/10/2019","0.818","0.822","0.845","0.793","-0.49%"
"19/10/2019","0.822","0.822","0.822","0.822","2.81%"
"18/10/2019","0.800","0.790","0.820","0.785","5.54%"
"17/10/2019","0.758","0.737","0.763","0.728","4.12%"
"16/10/2019","0.728","0.745","0.791","0.719","3.12%"
"15/10/2019","0.706","0.723","0.732","0.702","-3.95%"
"14/10/2019","0.735","0.766","0.805","0.725","-2.65%"
"13/10/2019","0.755","0.766","0.805","0.738","-1.44%"
"12/10/2019","0.766","0.766","0.766","0.766","9.27%"
"11/10/2019","0.701","0.684","0.702","0.665","14.73%"
"10/10/2019","0.611","0.616","0.630","0.596","-0.97%"
"09/10/2019","0.617","0.611","0.619","0.603","0.65%"
"08/10/2019","0.613","0.597","0.613","0.590","2.85%"
"07/10/2019","0.596","0.621","0.625","0.587","-0.83%"
"06/10/2019","0.601","0.631","0.631","0.601","-4.75%"
"05/10/2019","0.631","0.631","0.631","0.631","3.78%"
"04/10/2019","0.608","0.615","0.620","0.593","-4.55%"
"03/10/2019","0.637","0.643","0.646","0.627","-2.75%"
"02/10/2019","0.655","0.658","0.658","0.635","-12.08%"
"01/10/2019","0.745","0.748","0.758","0.739","4.49%"
"30/09/2019","0.713","0.716","0.722","0.708","-0.42%"
"29/09/2019","0.716","0.720","0.720","0.716","-0.56%"
"28/09/2019","0.720","0.720","0.720","0.720","0.56%"
"27/09/2019","0.716","0.716","0.717","0.707","-0.83%"
"26/09/2019","0.722","0.735","0.756","0.718","0.14%"
"25/09/2019","0.721","0.729","0.737","0.706","-2.70%"
"24/09/2019","0.741","0.748","0.753","0.730","-0.27%"
"23/09/2019","0.743","0.741","0.760","0.739","-0.80%"
"22/09/2019","0.749","0.746","0.750","0.746","0.40%"
"21/09/2019","0.746","0.746","0.746","0.746","-3.74%"
"20/09/2019","0.775","0.796","0.814","0.758","-1.40%"
"19/09/2019","0.786","0.857","0.857","0.786","-8.92%"
"18/09/2019","0.863","0.865","0.870","0.848","-1.26%"
"17/09/2019","0.874","0.919","0.922","0.866","-5.82%"
"16/09/2019","0.928","0.958","0.979","0.919","-3.33%"
"15/09/2019","0.960","0.960","0.960","0.960","0.00%"
"14/09/2019","0.960","0.960","0.960","0.960","5.96%"
"13/09/2019","0.906","0.902","0.910","0.886","1.80%"
"12/09/2019","0.890","0.879","0.931","0.873","2.53%"
"11/09/2019","0.868","0.889","0.930","0.863","4.33%"
"10/09/2019","0.832","0.859","0.859","0.823","2.09%"
"09/09/2019","0.815","0.818","0.824","0.789","-0.24%"
"08/09/2019","0.817","0.810","0.825","0.810","0.86%"
"07/09/2019","0.810","0.810","0.810","0.810","-2.29%"
"06/09/2019","0.829","0.826","0.863","0.803","11.88%"
"05/09/2019","0.741","0.727","0.776","0.701","3.20%"
"04/09/2019","0.718","0.693","0.732","0.672","4.21%"
"03/09/2019","0.689","0.691","0.704","0.671","1.32%"
"02/09/2019","0.680","0.680","0.705","0.664","0.15%"
"01/09/2019","0.679","0.670","0.679","0.670","-1.16%"
"31/08/2019","0.687","0.687","0.687","0.687","1.93%"
"30/08/2019","0.674","0.685","0.743","0.662","0.30%"
"29/08/2019","0.672","0.686","0.690","0.663","-0.88%"
"28/08/2019","0.678","0.687","0.693","0.666","-2.87%"
"27/08/2019","0.698","0.709","0.717","0.688","6.40%"
"26/08/2019","0.656","0.685","0.707","0.620","-4.23%"
"25/08/2019","0.685","0.710","0.710","0.685","3.79%"
"24/08/2019","0.660","0.660","0.660","0.660","-8.33%"
"23/08/2019","0.720","0.692","0.745","0.692","3.90%"
"22/08/2019","0.693","0.687","0.718","0.671","2.06%"
"21/08/2019","0.679","0.678","0.690","0.644","-1.59%"
"20/08/2019","0.690","0.688","0.738","0.676","0.73%"
"19/08/2019","0.685","0.666","0.695","0.644","3.16%"
"18/08/2019","0.664","0.663","0.664","0.663","-0.30%"
"17/08/2019","0.666","0.666","0.666","0.666","0.45%"
"16/08/2019","0.663","0.665","0.717","0.643","-0.45%"
"15/08/2019","0.666","0.649","0.691","0.638","-3.34%"
"14/08/2019","0.689","0.714","0.738","0.688","2.23%"
"13/08/2019","0.674","0.652","0.684","0.644","-0.44%"
"12/08/2019","0.677","0.701","0.703","0.671","0.15%"
"11/08/2019","0.676","0.673","0.687","0.673","-3.57%"
"10/08/2019","0.701","0.673","0.701","0.673","4.16%"
"09/08/2019","0.673","0.686","0.712","0.645","-3.17%"
"08/08/2019","0.695","0.686","0.725","0.679","4.51%"
"07/08/2019","0.665","0.697","0.727","0.652","-9.40%"
"06/08/2019","0.734","0.677","0.734","0.664","2.23%"
"05/08/2019","0.718","0.742","0.775","0.714","-5.40%"
"04/08/2019","0.759","0.775","0.775","0.759","2.15%"
"03/08/2019","0.743","0.743","0.743","0.743","-3.13%"
"02/08/2019","0.767","0.764","0.814","0.760","-11.12%"
"01/08/2019","0.863","0.843","0.887","0.830","-0.23%"
"31/07/2019","0.865","0.861","0.886","0.834","0.12%"
"30/07/2019","0.864","0.868","0.909","0.864","-0.92%"
"29/07/2019","0.872","0.887","0.887","0.853","-2.13%"
"28/07/2019","0.891","0.887","0.894","0.887","0.45%"
"27/07/2019","0.887","0.887","0.887","0.887","-1.77%"
"26/07/2019","0.903","0.919","0.961","0.888","-1.31%"
"25/07/2019","0.915","0.930","0.975","0.905","-3.17%"
"24/07/2019","0.945","0.993","1.024","0.940","-4.55%"
"23/07/2019","0.990","0.987","1.025","0.971","-1.20%"
"22/07/2019","1.002","1.007","1.035","0.997","-0.69%"
"21/07/2019","1.009","1.009","1.009","1.009","-0.10%"
"20/07/2019","1.010","1.010","1.010","1.010","0.80%"
"19/07/2019","1.002","0.981","1.002","0.957","1.52%"
"18/07/2019","0.987","0.979","1.026","0.955","-3.61%"
"17/07/2019","1.024","1.031","1.039","0.999","0.10%"
"16/07/2019","1.023","1.051","1.070","1.020","-4.93%"
"15/07/2019","1.076","1.059","1.079","1.051","1.61%"
"14/07/2019","1.059","1.049","1.059","1.049","-1.03%"
"13/07/2019","1.070","1.070","1.070","1.070","1.33%"
"12/07/2019","1.056","1.066","1.068","1.048","5.49%"
"11/07/2019","1.001","1.020","1.058","0.991","-1.48%"
"10/07/2019","1.016","1.015","1.063","0.985","0.89%"
"09/07/2019","1.007","1.030","1.050","1.007","-1.47%"
"08/07/2019","1.022","1.038","1.056","1.018","-1.54%"
"07/07/2019","1.038","1.038","1.038","1.038","0.00%"
"06/07/2019","1.038","1.038","1.038","1.038","4.95%"
"05/07/2019","0.989","0.990","0.993","0.932","-1.00%"
"04/07/2019","0.999","0.989","1.017","0.960","1.52%"
"03/07/2019","0.984","1.015","1.019","0.979","-3.05%"
"02/07/2019","1.015","1.023","1.027","1.005","-0.78%"
"01/07/2019","1.023","1.038","1.064","1.003","-0.29%"
"30/06/2019","1.026","1.013","1.026","1.013","-1.25%"
"29/06/2019","1.039","1.013","1.039","1.013","3.18%"
"28/06/2019","1.007","1.014","1.036","0.997","-1.95%"
"27/06/2019","1.027","1.011","1.041","0.976","5.44%"
"26/06/2019","0.974","0.951","0.979","0.924","2.85%"
"25/06/2019","0.947","0.952","0.968","0.938","-2.17%"
"24/06/2019","0.968","0.970","1.005","0.951","0.94%"
"23/06/2019","0.959","0.948","0.959","0.948","-1.24%"
"22/06/2019","0.971","0.971","0.971","0.971","2.10%"
"21/06/2019","0.951","0.988","1.011","0.942","-2.16%"
"20/06/2019","0.972","0.994","1.012","0.952","-5.26%"
"19/06/2019","1.026","1.023","1.073","1.021","-2.38%"
"18/06/2019","1.051","1.046","1.089","1.046","-3.13%"
"17/06/2019","1.085","1.032","1.092","1.027","4.03%"
"16/06/2019","1.043","1.040","1.043","1.040","-0.29%"
"15/06/2019","1.046","1.046","1.046","1.046","0.10%"
"14/06/2019","1.045","1.060","1.068","1.032","-1.69%"
"13/06/2019","1.063","1.102","1.144","1.051","-3.89%"
"12/06/2019","1.106","1.125","1.125","1.103","-2.56%"
"11/06/2019","1.135","1.149","1.182","1.131","-1.13%"
"10/06/2019","1.148","1.129","1.153","1.121","3.05%"
"09/06/2019","1.114","1.114","1.114","1.114","0.00%"
"08/06/2019","1.114","1.114","1.114","1.114","-2.88%"
"07/06/2019","1.147","1.157","1.168","1.139","2.05%"
"06/06/2019","1.124","1.160","1.190","1.119","-3.44%"
"05/06/2019","1.164","1.203","1.232","1.159","-1.85%"
"04/06/2019","1.186","1.165","1.194","1.153","1.28%"
"03/06/2019","1.171","1.163","1.177","1.136","0.69%"
"02/06/2019","1.163","1.161","1.163","1.159","0.00%"
"01/06/2019","1.163","1.161","1.163","1.161","-1.19%"
"31/05/2019","1.177","1.190","1.229","1.167","-2.57%"
"30/05/2019","1.208","1.208","1.254","1.184","2.63%"
"29/05/2019","1.177","1.189","1.205","1.162","-2.49%"
"28/05/2019","1.207","1.208","1.245","1.179","-1.47%"
"27/05/2019","1.225","1.202","1.231","1.202","3.20%"
"26/05/2019","1.187","1.178","1.187","1.178","0.00%"
"25/05/2019","1.187","1.197","1.197","1.187","-1.49%"
"24/05/2019","1.205","1.230","1.255","1.180","-3.68%"
"23/05/2019","1.251","1.261","1.280","1.246","-2.19%"
"22/05/2019","1.279","1.301","1.320","1.274","-1.54%"
"21/05/2019","1.299","1.345","1.369","1.293","-2.62%"
"20/05/2019","1.334","1.278","1.343","1.243","5.29%"
"19/05/2019","1.267","1.265","1.267","1.265","-0.08%"
"18/05/2019","1.268","1.278","1.278","1.265","-1.09%"
"17/05/2019","1.282","1.291","1.309","1.270","-0.85%"
"16/05/2019","1.293","1.318","1.337","1.252","-2.12%"
"15/05/2019","1.321","1.331","1.347","1.312","-0.30%"
"14/05/2019","1.325","1.321","1.338","1.309","-1.49%"
"13/05/2019","1.345","1.357","1.357","1.331","-0.44%"
"12/05/2019","1.351","1.345","1.351","1.345","-0.44%"
"11/05/2019","1.357","1.345","1.357","1.345","0.52%"
"10/05/2019","1.350","1.366","1.374","1.331","-0.52%"
"09/05/2019","1.357","1.388","1.398","1.344","-1.17%"
"08/05/2019","1.373","1.375","1.392","1.359","3.54%"
"07/05/2019","1.326","1.354","1.367","1.316","-1.04%"
"06/05/2019","1.340","1.390","1.390","1.330","-3.32%"
"05/05/2019","1.386","1.382","1.386","1.382","-0.22%"
"04/05/2019","1.389","1.382","1.389","1.382","-0.36%"
"03/05/2019","1.394","1.401","1.405","1.378","0.22%"
"02/05/2019","1.391","1.382","1.397","1.371","1.16%"
"01/05/2019","1.375","1.394","1.398","1.369","-1.36%"
"30/04/2019","1.394","1.413","1.417","1.388","-0.29%"
"29/04/2019","1.398","1.394","1.398","1.364","0.43%"
"28/04/2019","1.392","1.390","1.392","1.390","-0.14%"
"27/04/2019","1.394","1.390","1.394","1.390","0.29%"
"26/04/2019","1.390","1.399","1.421","1.369","-0.36%"
"25/04/2019","1.395","1.399","1.401","1.386","2.42%"
"24/04/2019","1.362","1.509","1.527","1.352","-10.22%"
"23/04/2019","1.517","1.534","1.566","1.517","-3.01%"
"22/04/2019","1.564","1.559","1.564","1.559","0.32%"
"21/04/2019","1.559","1.559","1.559","1.559","0.00%"
"20/04/2019","1.559","1.559","1.559","1.559","0.00%"
"19/04/2019","1.559","1.559","1.559","1.559","-0.38%"
"18/04/2019","1.565","1.550","1.591","1.542","0.51%"
"17/04/2019","1.557","1.571","1.587","1.526","0.91%"
"16/04/2019","1.543","1.565","1.604","1.538","-1.59%"
"15/04/2019","1.568","1.583","1.622","1.563","-1.01%"
"14/04/2019","1.584","1.584","1.584","1.584","0.00%"
"13/04/2019","1.584","1.583","1.584","1.583","3.87%"
"12/04/2019","1.525","1.528","1.538","1.509","0.73%"
"11/04/2019","1.514","1.503","1.523","1.493","0.93%"
"10/04/2019","1.500","1.495","1.507","1.463","-1.19%"
"09/04/2019","1.518","1.524","1.533","1.501","1.13%"
"08/04/2019","1.501","1.520","1.540","1.499","-1.31%"
"07/04/2019","1.521","1.523","1.523","1.521","0.13%"
"06/04/2019","1.519","1.523","1.523","1.518","-0.52%"
"05/04/2019","1.527","1.515","1.534","1.504","0.66%"
"04/04/2019","1.517","1.513","1.529","1.507","3.13%"
"03/04/2019","1.471","1.445","1.492","1.420","-2.00%"
"02/04/2019","1.501","1.518","1.520","1.490","1.08%"
"01/04/2019","1.485","1.447","1.495","1.417","0.07%"
"31/03/2019","1.484","1.449","1.488","1.417","2.56%"
"30/03/2019","1.447","1.438","1.447","1.438","-1.03%"
"29/03/2019","1.462","1.463","1.472","1.435","2.45%"
"28/03/2019","1.427","1.445","1.459","1.415","-1.72%"
"27/03/2019","1.452","1.498","1.520","1.425","-1.36%"
"26/03/2019","1.472","1.465","1.482","1.442","1.10%"
"25/03/2019","1.456","1.436","1.478","1.436","-0.07%"
"24/03/2019","1.457","1.436","1.478","1.436","1.46%"
"23/03/2019","1.436","1.436","1.436","1.436","-4.27%"
"22/03/2019","1.500","1.543","1.544","1.495","-3.41%"
"21/03/2019","1.553","1.527","1.597","1.517","-0.45%"
"20/03/2019","1.560","1.565","1.569","1.540","-1.27%"
"19/03/2019","1.580","1.611","1.616","1.576","-2.05%"
"18/03/2019","1.613","1.554","1.613","1.541","1.77%"
"17/03/2019","1.585","1.610","1.610","1.541","-0.88%"
"16/03/2019","1.599","1.610","1.610","1.599","-0.93%"
"15/03/2019","1.614","1.608","1.625","1.596","0.75%"
"14/03/2019","1.602","1.610","1.630","1.582","0.06%"
"13/03/2019","1.601","1.635","1.654","1.594","-4.47%"
"12/03/2019","1.676","1.667","1.694","1.664","0.12%"
"11/03/2019","1.674","1.665","1.675","1.650","0.48%"
"10/03/2019","1.666","1.665","1.671","1.660","0.06%"
"09/03/2019","1.665","1.665","1.665","1.665","-1.25%"
"08/03/2019","1.686","1.697","1.708","1.672","-1.46%"
"07/03/2019","1.711","1.692","1.712","1.680","-0.52%"
"06/03/2019","1.720","1.779","1.791","1.716","-3.43%"
"05/03/2019","1.781","1.780","1.792","1.773","-1.27%"
"04/03/2019","1.804","1.805","1.834","1.774","-0.77%"
"03/03/2019","1.818","1.772","1.834","1.772","0.72%"
"02/03/2019","1.805","1.814","1.814","1.772","1.63%"
"01/03/2019","1.776","1.786","1.804","1.766","2.01%"
"28/02/2019","1.741","1.752","1.771","1.734","0.87%"
"27/02/2019","1.726","1.756","1.757","1.721","-1.60%"
"26/02/2019","1.754","1.782","1.782","1.749","0.98%"
"25/02/2019","1.737","1.719","1.759","1.719","-0.74%"
"24/02/2019","1.750","1.722","1.759","1.719","1.80%"
"23/02/2019","1.719","1.722","1.722","1.719","-1.38%"
"22/02/2019","1.743","1.735","1.757","1.725","0.93%"
"21/02/2019","1.727","1.755","1.795","1.694","-1.20%"
"20/02/2019","1.748","1.779","1.780","1.743","-1.74%"
"19/02/2019","1.779","1.794","1.800","1.778","-0.34%"
"18/02/2019","1.785","1.775","1.796","1.747","-0.11%"
"17/02/2019","1.787","1.746","1.796","1.746","0.68%"
"16/02/2019","1.775","1.789","1.789","1.746","0.74%"
"15/02/2019","1.762","1.767","1.777","1.746","-1.29%"
"14/02/2019","1.785","1.803","1.814","1.775","-0.22%"
"13/02/2019","1.789","1.777","1.794","1.762","1.65%"
"12/02/2019","1.760","1.747","1.764","1.727","1.15%"
"11/02/2019","1.740","1.688","1.750","1.659","1.99%"
"10/02/2019","1.706","1.705","1.714","1.659","1.01%"
"09/02/2019","1.689","1.705","1.705","1.689","-0.82%"
"08/02/2019","1.703","1.741","1.750","1.694","-3.84%"
"07/02/2019","1.771","1.764","1.780","1.756","-1.99%"
"06/02/2019","1.807","1.890","1.899","1.801","-4.44%"
"05/02/2019","1.891","1.900","1.906","1.855","0.80%"
"04/02/2019","1.876","1.885","1.905","1.866","-1.05%"
"03/02/2019","1.896","1.853","1.905","1.853","1.44%"
"02/02/2019","1.869","1.885","1.885","1.869","0.00%"
"01/02/2019","1.869","1.874","1.893","1.866","-1.11%"
"31/01/2019","1.890","1.888","1.892","1.864","-1.10%"
"30/01/2019","1.911","1.871","1.912","1.863","1.97%"
"29/01/2019","1.874","1.877","1.879","1.848","0.21%"
"28/01/2019","1.870","1.884","1.903","1.861","-0.69%"
"27/01/2019","1.883","1.884","1.884","1.883","0.00%"
"26/01/2019","1.883","1.884","1.884","1.883","0.48%"
"25/01/2019","1.874","1.892","1.892","1.849","-2.60%"
"24/01/2019","1.924","1.949","1.971","1.924","-1.18%"
"23/01/2019","1.947","1.946","1.980","1.940","-1.37%"
"22/01/2019","1.974","1.980","2.008","1.972","-0.80%"
"21/01/2019","1.990","2.004","2.023","1.979","-0.35%"
"20/01/2019","1.997","1.966","2.023","1.966","1.58%"
"19/01/2019","1.966","1.999","1.999","1.966","-0.91%"
"18/01/2019","1.984","1.992","2.004","1.969","1.64%"
"17/01/2019","1.952","1.978","1.978","1.947","-0.61%"
"16/01/2019","1.964","1.981","1.984","1.955","-0.51%"
"15/01/2019","1.974","1.979","1.980","1.960","0.77%"
"14/01/2019","1.959","1.995","1.995","1.958","-1.31%"
"13/01/2019","1.985","1.995","1.995","1.978","-0.95%"
"11/01/2019","2.004","2.019","2.022","1.992","0.91%"
"10/01/2019","1.986","2.013","2.013","1.970","-1.39%"
"09/01/2019","2.014","2.056","2.063","2.007","0.75%"
"08/01/2019","1.999","2.015","2.021","1.996","0.71%"
"07/01/2019","1.985","2.017","2.026","1.980","4.42%"
"06/01/2019","1.901","1.902","1.910","1.871","-0.05%"
"05/01/2019","1.902","1.902","1.902","1.902","3.26%"
"04/01/2019","1.842","1.801","1.844","1.775","1.32%"
"03/01/2019","1.818","1.825","1.834","1.743","-3.66%"
"02/01/2019","1.887","1.925","1.925","1.887","-0.68%"
"01/01/2019","1.900","1.925","1.925","1.889","-0.99%"
"31/12/2018","1.919","1.930","1.942","1.919","-0.83%"
"30/12/2018","1.935","1.940","1.942","1.920","-0.26%"
"29/12/2018","1.940","1.940","1.940","1.940","-0.36%"
"28/12/2018","1.947","1.952","1.958","1.941","-0.82%"
"27/12/2018","1.963","1.950","1.979","1.949","-0.10%"
"26/12/2018","1.965","1.946","1.973","1.930","1.29%"
"25/12/2018","1.940","1.946","1.954","1.930","-0.36%"
"24/12/2018","1.947","1.949","1.966","1.934","-0.51%"
"23/12/2018","1.957","1.970","1.970","1.934","0.77%"
"22/12/2018","1.942","1.955","1.956","1.942","-1.77%"
"21/12/2018","1.977","1.946","1.985","1.942","0.30%"
"20/12/2018","1.971","1.973","1.991","1.966","-1.00%"
"19/12/2018","1.991","2.001","2.010","1.982","-1.29%"
"18/12/2018","2.017","2.032","2.037","2.017","-2.37%"
"17/12/2018","2.066","2.058","2.068","2.045","-0.05%"
"16/12/2018","2.067","2.063","2.068","2.045","0.83%"
"15/12/2018","2.050","2.063","2.063","2.050","-1.39%"
"14/12/2018","2.079","2.101","2.107","2.065","-1.09%"
"13/12/2018","2.102","2.086","2.105","2.080","1.59%"
"12/12/2018","2.069","2.091","2.097","2.065","0.39%"
"11/12/2018","2.061","2.055","2.079","2.051","1.08%"
"10/12/2018","2.039","2.036","2.044","2.000","0.34%"
"09/12/2018","2.032","2.035","2.039","2.000","0.15%"
"08/12/2018","2.029","2.039","2.039","2.029","-1.50%"
"07/12/2018","2.060","2.048","2.071","2.030","-0.77%"
"06/12/2018","2.076","2.127","2.131","2.071","-2.03%"
"05/12/2018","2.119","2.162","2.162","2.104","-2.08%"
"04/12/2018","2.164","2.189","2.215","2.164","-2.39%"
"03/12/2018","2.217","2.190","2.230","2.169","0.05%"
"02/12/2018","2.216","2.184","2.230","2.169","1.51%"
"01/12/2018","2.183","2.184","2.184","2.183","-0.77%"
"30/11/2018","2.200","2.218","2.224","2.196","-0.90%"
"29/11/2018","2.220","2.234","2.245","2.220","-0.45%"
"28/11/2018","2.230","2.238","2.239","2.217","-0.22%"
"27/11/2018","2.235","2.251","2.254","2.235","-0.22%"
"26/11/2018","2.240","2.250","2.256","2.235","-0.18%"
"25/11/2018","2.244","2.234","2.256","2.234","0.00%"
"24/11/2018","2.244","2.234","2.244","2.234","-0.66%"
"23/11/2018","2.259","2.279","2.280","2.259","0.18%"
"22/11/2018","2.255","2.289","2.298","2.250","-1.18%"
"21/11/2018","2.282","2.285","2.292","2.276","-0.13%"
"20/11/2018","2.285","2.274","2.290","2.269","0.97%"
"19/11/2018","2.263","2.281","2.281","2.258","0.00%"
"18/11/2018","2.263","2.260","2.281","2.260","0.13%"
"17/11/2018","2.260","2.285","2.285","2.260","-0.57%"
"16/11/2018","2.273","2.284","2.293","2.270","-1.77%"
"15/11/2018","2.314","2.288","2.329","2.276","1.40%"
"14/11/2018","2.282","2.290","2.302","2.278","-0.48%"
"13/11/2018","2.293","2.292","2.296","2.273","-0.65%"
"12/11/2018","2.308","2.298","2.309","2.283","0.87%"
"11/11/2018","2.288","2.305","2.307","2.288","-0.13%"
"10/11/2018","2.291","2.299","2.305","2.291","-0.99%"
"09/11/2018","2.314","2.343","2.361","2.309","0.00%"
"08/11/2018","2.314","2.321","2.324","2.304","1.76%"
"07/11/2018","2.274","2.281","2.299","2.264","0.31%"
"06/11/2018","2.267","2.266","2.280","2.265","-0.13%"
"05/11/2018","2.270","2.266","2.296","2.257","-0.48%"
"04/11/2018","2.281","2.235","2.296","2.235","1.02%"
"03/11/2018","2.258","2.258","2.258","2.258","1.26%"
"02/11/2018","2.230","2.217","2.240","2.198","0.90%"
"01/11/2018","2.210","2.179","2.215","2.179","1.66%"
"31/10/2018","2.174","2.193","2.200","2.168","0.93%"
"30/10/2018","2.154","2.160","2.165","2.150","-0.32%"
"29/10/2018","2.161","2.163","2.168","2.153","0.14%"
"28/10/2018","2.158","2.165","2.168","2.153","0.05%"
"27/10/2018","2.157","2.153","2.157","2.153","-1.19%"
"26/10/2018","2.183","2.219","2.220","2.178","-0.37%"
"25/10/2018","2.191","2.188","2.196","2.180","-1.53%"
"24/10/2018","2.225","2.226","2.240","2.218","-0.22%"
"23/10/2018","2.230","2.250","2.260","2.229","-1.11%"
"22/10/2018","2.255","2.267","2.277","2.234","0.00%"
"21/10/2018","2.255","2.223","2.277","2.223","-0.53%"
"20/10/2018","2.267","2.267","2.267","2.267","1.43%"
"19/10/2018","2.235","2.260","2.273","2.230","-1.89%"
"18/10/2018","2.278","2.246","2.282","2.237","1.61%"
"17/10/2018","2.242","2.251","2.256","2.241","-0.62%"
"16/10/2018","2.256","2.248","2.266","2.246","0.49%"
"15/10/2018","2.245","2.255","2.270","2.230","-0.58%"
"14/10/2018","2.258","2.255","2.270","2.231","0.09%"
"13/10/2018","2.256","2.256","2.256","2.256","-0.18%"
"12/10/2018","2.260","2.241","2.265","2.239","0.67%"
"11/10/2018","2.245","2.263","2.272","2.225","-0.66%"
"10/10/2018","2.260","2.272","2.284","2.260","-0.96%"
"09/10/2018","2.282","2.256","2.282","2.234","0.57%"
"08/10/2018","2.269","2.256","2.269","2.222","0.84%"
"07/10/2018","2.250","2.218","2.265","2.218","0.81%"
"05/10/2018","2.232","2.237","2.248","2.228","-0.80%"
"04/10/2018","2.250","2.248","2.259","2.233","2.41%"
"03/10/2018","2.197","2.230","2.234","2.197","-1.79%"
"02/10/2018","2.237","2.230","2.246","2.224","0.31%"
"01/10/2018","2.230","2.245","2.251","2.214","-0.67%"
"30/09/2018","2.245","2.245","2.245","2.245","0.18%"
"28/09/2018","2.241","2.264","2.266","2.238","-0.80%"
"27/09/2018","2.259","2.255","2.266","2.243","-1.61%"
"26/09/2018","2.296","2.318","2.321","2.296","-0.78%"
"25/09/2018","2.314","2.302","2.319","2.284","1.62%"
"24/09/2018","2.277","2.280","2.294","2.262","-0.13%"
"23/09/2018","2.280","2.264","2.281","2.264","-0.04%"
"22/09/2018","2.281","2.281","2.281","2.281","0.04%"
"21/09/2018","2.280","2.294","2.300","2.269","-0.65%"
"20/09/2018","2.295","2.330","2.345","2.291","0.61%"
"19/09/2018","2.281","2.261","2.288","2.245","2.89%"
"18/09/2018","2.217","2.202","2.218","2.194","1.33%"
"17/09/2018","2.188","2.191","2.203","2.181","-0.14%"
"16/09/2018","2.191","2.159","2.192","2.159","-0.05%"
"15/09/2018","2.192","2.192","2.192","2.192","0.83%"
"14/09/2018","2.174","2.197","2.200","2.173","-1.05%"
"13/09/2018","2.197","2.168","2.199","2.156","1.52%"
"12/09/2018","2.164","2.179","2.195","2.159","-0.05%"
"11/09/2018","2.165","2.171","2.182","2.160","-0.09%"
"10/09/2018","2.167","2.169","2.179","2.158","-0.09%"
"09/09/2018","2.169","2.126","2.170","2.126","-0.14%"
"08/09/2018","2.172","2.172","2.172","2.172","1.59%"
"07/09/2018","2.138","2.149","2.162","2.133","-0.83%"
"06/09/2018","2.156","2.169","2.184","2.155","-1.10%"
"05/09/2018","2.180","2.158","2.189","2.141","3.02%"
"04/09/2018","2.116","2.133","2.133","2.110","-0.56%"
"03/09/2018","2.128","2.128","2.142","2.109","0.00%"
"02/09/2018","2.128","2.130","2.140","2.128","-0.84%"
"31/08/2018","2.146","2.179","2.180","2.146","-1.56%"
"30/08/2018","2.180","2.196","2.207","2.175","-1.71%"
"29/08/2018","2.218","2.234","2.241","2.218","0.00%"
"28/08/2018","2.218","2.217","2.229","2.174","0.91%"
"27/08/2018","2.198","2.206","2.216","2.186","-0.36%"
"26/08/2018","2.206","2.169","2.206","2.169","0.05%"
"25/08/2018","2.205","2.209","2.209","2.169","0.73%"
"24/08/2018","2.189","2.199","2.210","2.174","0.92%"
"23/08/2018","2.169","2.194","2.198","2.165","-1.09%"
"22/08/2018","2.193","2.214","2.223","2.193","-0.41%"
"21/08/2018","2.202","2.180","2.202","2.160","1.06%"
"20/08/2018","2.179","2.198","2.221","2.168","-0.86%"
"19/08/2018","2.198","2.198","2.198","2.198","0.18%"
"18/08/2018","2.194","2.194","2.194","2.194","0.46%"
"17/08/2018","2.184","2.212","2.220","2.184","-0.41%"
"16/08/2018","2.193","2.199","2.206","2.173","0.18%"
"15/08/2018","2.189","2.219","2.227","2.181","-0.68%"
"14/08/2018","2.204","2.217","2.218","2.192","0.32%"
"13/08/2018","2.197","2.214","2.219","2.168","-0.77%"
"12/08/2018","2.214","2.190","2.214","2.190","0.09%"
"11/08/2018","2.212","2.210","2.212","2.210","-0.63%"
"10/08/2018","2.226","2.245","2.251","2.226","-1.59%"
"09/08/2018","2.262","2.290","2.295","2.251","-0.83%"
"08/08/2018","2.281","2.304","2.305","2.281","-0.44%"
"07/08/2018","2.291","2.300","2.313","2.279","-0.78%"
"06/08/2018","2.309","2.318","2.338","2.299","-0.35%"
"05/08/2018","2.317","2.317","2.317","2.317","0.22%"
"04/08/2018","2.312","2.307","2.312","2.307","-0.30%"
"03/08/2018","2.319","2.318","2.338","2.311","-0.22%"
"02/08/2018","2.324","2.330","2.342","2.298","0.61%"
"01/08/2018","2.310","2.297","2.315","2.274","1.14%"
"31/07/2018","2.284","2.294","2.310","2.264","0.40%"
"30/07/2018","2.275","2.264","2.280","2.259","0.49%"
"29/07/2018","2.264","2.245","2.264","2.245","-0.40%"
"28/07/2018","2.273","2.260","2.273","2.260","0.13%"
"27/07/2018","2.270","2.290","2.294","2.267","-1.30%"
"26/07/2018","2.300","2.318","2.322","2.291","-0.35%"
"25/07/2018","2.308","2.339","2.362","2.303","-1.24%"
"24/07/2018","2.337","2.337","2.352","2.326","1.30%"
"23/07/2018","2.307","2.302","2.320","2.275","0.22%"
"22/07/2018","2.302","2.265","2.302","2.265","0.70%"
"21/07/2018","2.286","2.307","2.307","2.286","0.00%"
"20/07/2018","2.286","2.294","2.310","2.281","-1.47%"
"19/07/2018","2.320","2.291","2.330","2.267","1.35%"
"18/07/2018","2.289","2.290","2.295","2.276","-0.39%"
"17/07/2018","2.298","2.282","2.307","2.268","1.59%"
"16/07/2018","2.262","2.260","2.279","2.234","0.09%"
"15/07/2018","2.260","2.253","2.260","2.253","0.09%"
"14/07/2018","2.258","2.253","2.258","2.253","-0.62%"
"13/07/2018","2.272","2.266","2.276","2.253","0.40%"
"12/07/2018","2.263","2.254","2.263","2.250","0.18%"
"11/07/2018","2.259","2.293","2.298","2.251","-1.53%"
"10/07/2018","2.294","2.280","2.299","2.260","1.46%"
"09/07/2018","2.261","2.273","2.276","2.255","-0.53%"
"08/07/2018","2.273","2.266","2.273","2.266","0.49%"
"07/07/2018","2.262","2.262","2.262","2.262","-0.13%"
"06/07/2018","2.265","2.254","2.270","2.239","0.80%"
"05/07/2018","2.247","2.261","2.263","2.237","-0.18%"
"04/07/2018","2.251","2.255","2.256","2.212","0.81%"
"03/07/2018","2.233","2.250","2.258","2.230","-0.93%"
"02/07/2018","2.254","2.293","2.303","2.249","-1.70%"
"01/07/2018","2.293","2.267","2.293","2.267","1.15%"
"30/06/2018","2.267","2.267","2.267","2.267","-0.57%"
"29/06/2018","2.280","2.282","2.285","2.248","0.35%"
"28/06/2018","2.272","2.273","2.273","2.257","-1.13%"
"27/06/2018","2.298","2.315","2.330","2.293","0.04%"
"26/06/2018","2.297","2.300","2.305","2.281","-0.22%"
"25/06/2018","2.302","2.315","2.315","2.280","-0.56%"
"24/06/2018","2.315","2.303","2.315","2.303","0.09%"
"22/06/2018","2.313","2.312","2.322","2.302","-1.49%"
"21/06/2018","2.348","2.335","2.350","2.317","1.43%"
"20/06/2018","2.315","2.318","2.327","2.305","0.70%"
"19/06/2018","2.299","2.344","2.358","2.289","-1.03%"
"18/06/2018","2.323","2.363","2.363","2.323","-1.69%"
"17/06/2018","2.363","2.338","2.363","2.338","0.55%"
"15/06/2018","2.350","2.361","2.361","2.335","-0.51%"
"14/06/2018","2.362","2.390","2.395","2.360","-2.19%"
"13/06/2018","2.415","2.413","2.425","2.400","-0.37%"
"12/06/2018","2.424","2.417","2.429","2.408","0.29%"
"11/06/2018","2.417","2.432","2.439","2.408","-0.62%"
"10/06/2018","2.432","2.399","2.432","2.399","-0.04%"
"08/06/2018","2.433","2.440","2.453","2.428","-1.02%"
"07/06/2018","2.458","2.436","2.472","2.425","1.99%"
"06/06/2018","2.410","2.385","2.413","2.373","0.29%"
"05/06/2018","2.403","2.412","2.420","2.395","0.54%"
"04/06/2018","2.390","2.368","2.395","2.338","0.93%"
"03/06/2018","2.368","2.335","2.368","2.335","0.89%"
"01/06/2018","2.347","2.363","2.363","2.340","1.38%"
"31/05/2018","2.315","2.361","2.361","2.293","0.35%"
"30/05/2018","2.307","2.302","2.316","2.280","-2.29%"
"29/05/2018","2.361","2.363","2.374","2.351","-0.25%"
"28/05/2018","2.367","2.383","2.400","2.361","-0.67%"
"27/05/2018","2.383","2.373","2.390","2.373","-0.29%"
"26/05/2018","2.390","2.390","2.390","2.390","-0.62%"
"25/05/2018","2.405","2.425","2.431","2.405","-0.41%"
"24/05/2018","2.415","2.426","2.430","2.405","-0.90%"
"23/05/2018","2.437","2.447","2.457","2.432","-0.49%"
"22/05/2018","2.449","2.464","2.464","2.444","-0.20%"
"21/05/2018","2.454","2.468","2.485","2.449","-0.57%"
"20/05/2018","2.468","2.475","2.475","2.445","-1.00%"
"18/05/2018","2.493","2.491","2.498","2.475","0.48%"
"17/05/2018","2.481","2.485","2.496","2.460","0.40%"
"16/05/2018","2.471","2.473","2.481","2.456","1.52%"
"15/05/2018","2.434","2.434","2.441","2.419","1.80%"
"14/05/2018","2.391","2.414","2.424","2.383","-0.95%"
"13/05/2018","2.414","2.393","2.414","2.393","0.37%"
"12/05/2018","2.405","2.393","2.405","2.393","0.04%"
"11/05/2018","2.404","2.405","2.420","2.392","0.08%"
"10/05/2018","2.402","2.431","2.437","2.398","-0.50%"
"09/05/2018","2.414","2.419","2.436","2.401","0.75%"
"08/05/2018","2.396","2.403","2.420","2.388","-0.62%"
"07/05/2018","2.411","2.438","2.452","2.398","-1.11%"
"06/05/2018","2.438","2.419","2.438","2.403","0.04%"
"05/05/2018","2.437","2.437","2.437","2.437","0.04%"
"04/05/2018","2.436","2.425","2.437","2.401","-0.33%"
"03/05/2018","2.444","2.449","2.454","2.419","0.08%"
"02/05/2018","2.442","2.437","2.446","2.412","0.16%"
"01/05/2018","2.438","2.431","2.442","2.412","0.08%"
"30/04/2018","2.436","2.476","2.482","2.435","-1.62%"
"29/04/2018","2.476","2.473","2.476","2.462","0.00%"
"28/04/2018","2.476","2.476","2.476","2.476","-0.16%"
"27/04/2018","2.480","2.486","2.489","2.472","-1.51%"
"26/04/2018","2.518","2.522","2.533","2.498","-0.16%"
"25/04/2018","2.522","2.500","2.530","2.499","1.37%"
"24/04/2018","2.488","2.532","2.537","2.488","-1.35%"
"23/04/2018","2.522","2.515","2.536","2.497","0.28%"
"22/04/2018","2.515","2.488","2.517","2.488","-0.08%"
"21/04/2018","2.517","2.517","2.517","2.517","1.86%"
"20/04/2018","2.471","2.487","2.501","2.467","-0.68%"
"19/04/2018","2.488","2.489","2.499","2.451","1.72%"
"18/04/2018","2.446","2.457","2.470","2.440","-0.41%"
"17/04/2018","2.456","2.460","2.471","2.446","0.95%"
"16/04/2018","2.433","2.419","2.446","2.416","0.58%"
"15/04/2018","2.419","2.410","2.419","2.410","-0.04%"
"14/04/2018","2.420","2.420","2.420","2.420","0.50%"
"13/04/2018","2.408","2.410","2.419","2.392","1.30%"
"12/04/2018","2.377","2.379","2.391","2.371","0.17%"
"11/04/2018","2.373","2.402","2.408","2.371","0.13%"
"10/04/2018","2.370","2.356","2.378","2.334","0.21%"
"09/04/2018","2.365","2.350","2.378","2.322","0.64%"
"08/04/2018","2.350","2.353","2.353","2.350","-0.09%"
"07/04/2018","2.352","2.353","2.353","2.352","-0.84%"
"06/04/2018","2.372","2.397","2.409","2.357","0.25%"
"05/04/2018","2.366","2.389","2.405","2.356","-0.38%"
"04/04/2018","2.375","2.370","2.392","2.356","0.64%"
"03/04/2018","2.360","2.336","2.361","2.301","1.03%"
"02/04/2018","2.336","2.323","2.336","2.323","0.00%"